Workbook
Name BAGVI: 'C'!$C$9:$F$381
Name BAGVI: D!$EN$5:$EQ$269
Name OLE_LINK1: #REF!

Sheet اندراج
A1: عمق افق | C1: STD | D1: طول بلد | E1: عرض بلد | F1: مطلوبہ مقام کانام
A2: 0 | C2: 5 | D2: -72 | E2: 34 | F2: مردان
D3: 11 | E3: 19
H7: =0.3313*60 -> 19.878
H8: =0.198*60 -> 11.88
A222: 29.50N | B222: 75.10E | C222: 162 Batumi | D222: 41-12 N | E222: 41-00 E | F222: Band,A.K. | G222: 33:31 | I222: 73:32
A223: 27.20N | B223: 67.58E | C223: 163 Bauchi | D223: 10-30 N | E223: 9-57 E | F223: Band Rahim'yk | G223: 28:19 | I223: 69:43
A224: 35.29N | B224: 68.01E | C224: 164 Beijing | D224: 40-00 N | E224: 16-00 E | F224: Band,Sukkur | G224: 28:3 | I224: 69:22
A225: 34.28N | B225: 72.22E | C225: 165 Beira | D225: 19-00 S | E225: 35-00 E | F225: Band Alipur.Multan | G225: 29:33 | I225: 71:26
A226: 26.03N | B226: 73.12E | C226: 166 Beirut | D226: 34-15 N | E226: 35-00 E | F226: Band Kili,Mohmand | G226: 34:28 | I226: 71:17
A227: 28.35N | B227: 63.03E | C227: 167 Bejaia | D227: 36-30 N | E227: 5-00 E | F227: Band Kurai,D.I.Khan | G227: 32:2 | I227: 70:54
A228: 25.26N | B228: 68.31E | C228: 168 Belcher Is | D228: 56-32 N | E228: 81-00 W | F228: Band Mahi,-Nosh'froz | G228: 27:1 | I228: 68:1
A229: 27.45N | B229: 70.24E | C229: 169 Belem | D229: 91-18 S | E229: 48-27 W | F229: Band Murad Khan,K'chi | G229: 25:5 | I229: 67:0
A230: 33.58N | B230: 68.45E | C230: 170 Belfast | D230: 55-00 N | E230: 5-55 W | F230: Band Virah,Dadu | G230: 25:35 | I230: 68:4
A231: 33.48N | B231: 73.49E | C231: 171 Belgaum | D231: 15-30 N | E231: 74-46 E | F231: Balda,Bajour | G231: 34:48 | I231: 71:36
A232: 31.12N | B232: 70.46E | C232: 172 Belgium | D232: 50-00 N | E232: 4-00 E | F232: Banda,Bajour | G232: 34:38 | I232: 71:43
A233: 33.56N | B233: 72.21E | C233: 173 Belgrade | D233: 44-56 N | E233: 20-30 E | F233: Banda,Dir | G233: 34:56 | I233: 71:53
... A305: 34.05N | B305: 71.29E | C305: 245 Brunette Downs | D305: 18-36 S | E305: 136-00 E | F305: Basti Wadja,- D.I.Khan | G305: 29:43 | I305: 70:39
A306: 36.53N | B306: 73.21E | C306: 246 Brussles | D306: 51-00 N | E306: 4-25 E | F306: Basti Wall Mohd.,Jhang | G306: 30.37 | I306: 71:47
A307: 31.13N | B307: 75.10E | C307: 247 Bryansk | D307: 50-54 N | E307: 4-29 E | F307: Basti Walwat,Mzfr'srh | G307: 29:12 | I307: 70:38
A308: 35.06N | B308: 73.37E | C308: 248 Bucaranianga | D308: 7-00 N | E308: 71-12 W | F308: Basti Wa am,Multan | G308: 30:29 | I308: 71:46
A309: 33.20N | B309: 74.15E | C309: 249 Bucharest | D309: 44-00 N | E309: 26-00 E | F309: Basti Yakiam,- D.I.Khan | G309: 29:51 | I309: 70:40
A310: 25.18N | B310: 73.56E | C310: 250 Buenaventura | D310: 3-52 N | E310: 77-00 W | F310: Basu Kali,Kurrum | G310: 33:49 | I310: 70:0
A311: 33.36N | B311: 62.33E | C311: 251 Buenos Aires | D311: 35-00 S | E311: 58-32 W | F311: Beli,Sialkot | G311: 32:43 | I311: 74:33
A312: 34.12N | B312: 74.26E | C312: 252 Bujumbura | D312: 4-00 S | E312: 29-00 E | F312: Beliwala,D.I.Khan | G312: 32:3 | I312: 70:58
A313: 25.58N | B313: 74.21E | C313: 253 Bulagan | D313: 49-08 N | E313: 103-17 E | F313: Beliwala,Jhan9 | G313: 31:14 | I313: 72:17
A314: 26.59N | B314: 67.29E | C314: 254 Bulawayo | D314: 20-02 S | E314: 28-46 E | F314: Bell at,Nasirabad | G314: 28:59 | I314: 68:0
A315: 31.47N | B315: 66.20E | C315: 255 Bulgaria | D315: 44-00 N | E315: 25-00 E | F315: Belo Gaji,-Nosh'froz | G315: 27:17 | I315: 68:11
A316: 25.06N | B316: 72.36E | C316: 256 Burdum | D316: 15-31 S | E316: 33-20 E | F316: Belsa,Gujrat | G316: 32:55 | I316: 73:54
A317: 35.14N | B317: 69.34E | C317: 257 Burgos | D317: 42-28 N | E317: 3-41 W | F317: Bemarai,Dir | G317: 34:49 | I317: 71:44
A318: 29.39N | B318: 72.34E | C318: 258 Burketown | D318: 15-40 S | E318: 139-30 E | F318: Beor,A.K. | G318: 33:35 | I318: 73:34
A319: 30.38N | B319: 67.19E | C319: 259 Burma | D319: 21-00 N | E319: 93-00 E | F319: Beorai,Chitral | G319: 35:28 | I319: 71:41
A320: 35.06N | B320: 68.48E | C320: 260 Burrundie | D320: 13-31 S | E320: 131-42 E | F320: Ber,D.I.Khan | G320: 31.21 | I320: 70:10
A321: 32.58N | B321: 71.46E | C321: 261 Bursa | D321: 40-03 N | E321: 29-00 E | F321: Ber,Larkana - | G321: 27:34 | I321: 67:56
A322: 36.05N | B322: 74.40E | C322: 262 Buru | D322: 3-30 S | E322: 126-30 E | F322: Ber Band,Mzfrgrh | G322: 29:38 | I322: 70:59
A323: 27.28N | B323: 72.04E | C323: 263 Burundj | D323: 3-25 S | E323: 29-26 E | F323: Bera,Shikhu'pra | G323: 31:47 | I323: 74:6
A324: 34.13N | B324: 69.02E | C324: 264 Bushehr | D324: 29-00 N | E324: 51-00 E | F324: Berai,Bannu | G324: 32:57 | I324: 70:55
A325: 30.33N | B325: 77.17E | C325: 265 Buta | D325: 2-45 N | E325: 25-00 E | F325: Berai Kot,WANA | G325: 32:57 | I325: 70:4
A326: 28.02N | B326: 71.27E | C326: 266 Batumj | D326: 41-35 N | E326: 41-20 E | F326: Berala,Kohat | G326: 33:25 | I326: 70:30
A327: 34.40N | B327: 67.28E | C327: 267 Butung | D327: 6-00 S | E327: 23-16 E | F327: Beramena,Psh'wr | G327: 34:19 | I327: 71:27
A328: 29.54N | B328: 72.14E | C328: 268 Bydgoszcz | D328: 53-00 N | E328: 18-00 E | F328: Beram•ali,Hazara | G328: 34:6 | I328: 73:6
A329: 31.27N | B329: 69.32E | C329: 269 C Aguihas | D329: 35-06 S | E329: 22-00 E | F329: Berand,DG Khan | G329: 30:51 | I329: 70:29
A330: 36.29N | B330: 74.33E | C330: 270 C Breton | D330: 46-00 N | E330: 60-00 W | F330: Berani,H d'bd | G330: 25:47 | I330: 68:48
A331: 32.52N | B331: 73.23E | C331: 271 C Farewell | D331: 59-30 N | E331: 44-00 W | F331: Berianwali,Sahiwal | G331: 30:38 | I331: 74:5
A332: 34.08N | B332: 74.15E | C332: 272 Cabinda | D332: 6-20 S | E332: 12-00 E | F332: Beriari Kili,Bannu | G332: 32:55 | I332: 70:40
... A351: 34.36N | B351: 71.11E | C351: 291 Canary Islands | D351: 28-30 N | E351: 15-00 W | F351: Bhamla,Gtirat | G351: 32:56 | I351: 73:41
A352: 33.57N | B352: 71.58E | C352: 292 Canberra | D352: 35-06 S | E352: 49-00 E | F352: Bhand Mari,-Nosh'froz | G352: 27:1 | I352: 2.8444444
A353: 31.49N | B353: 75.18E | C353: 293 Cape Town | D353: 34-00 S | E353: 18-30 E | F353: Bhiri,Hyd'bd | G353: 25:42 | I353: 68:55
A354: 34.33N | B354: 75.12E | C354: 294 Cape Verde Isl | D354: 17-00 N | E354: 25-00 W | F354: Bhiri Khurd,Gujrn'wla | G354: 32:7 | I354: 73:49
A355: 34.40N | B355: 72.38E | C355: 295 Caracas | D355: 10-30 N | E355: 66-58 W | F355: Bhiri Laghari,Sukkur | G355: 27:52 | I355: 69:27
A356: 25.59N | B356: 73.03E | C356: 296 Caravelas | D356: 17-38 S | E356: 39-19 W | F356: Bhiria.-Nosh'froz | G356: 26:55 | I356: 68:12
A357: 33.07N | B357: 64.24E | C357: 297 Carnarvon | D357: 24-58 S | E357: 13-45 E | F357: •Bhirkan,Shikarpur | G357: 27:51 | I357: 68:47
A358: 34.57N | B358: 75.20E | C358: 298 Carson City | D358: 39-00 N | E358: 119-39 W | F358: Bhirkuwala,Jhang | G358: 31:19 | I358: 72:26
A359: 34.36N | B359: 73.45E | C359: 299 Cartagena | D359: 10-31 N | E359: 75-34 W | F359: Bhiro,Sukkur | G359: 27:39 | I359: 69:1
A360: 33.45N | B360: 73.09E | C360: 300 Casablanca | D360: 33-00 N | E360: 8-00 W | F360: Bhirta,A.K. | G360: 33:2 | I360: 73:39
A361: 30.46N | B361: 75.13E | C361: 301 Casper | D361: 42-40 N | E361: 106-00 W | F361: Bhit,Bela | G361: 26:16 | I361: 66:13
A362: 33.37N | B362: 73.04E | C362: 302 Catamarca | D362: 27-15 S | E362: 65-46 W | F362: Bhit,Dadu | G362: 25:17 | I362: 67:45
A363: 26.32N | B363: 71.36E | C363: 303 Catania | D363: 37-15 N | E363: 15-00 E | F363: Bhit Aro,Hyd'bd | G363: 25:32 | I363: 68:56
A364: 31.20N | B364: 65.14E | C364: 304 Cayenne | D364: 4-56 N | E364: 52-18 W | F364: Bhit Shah,Hyd'bd | G364: 25:48 | I364: 68:30
... A431: 32.37N | B431: 65.23E | C431: 371 Cooktown | D431: 15-30 S | E431: 45-15 E | F431: Chak Mura,Jhelum 33 | G431: 33:0 | I431: 72:57
A432: 30.07N | B432: 75.37E | C432: 372 Coongan | D432: 20-40 S | E432: 19-35 E | F432: Chak Murad Khan,Sahiwa 31 | G432: 30:31 | I432: 73.19
A433: 24.51N | B433: 71.29E | C433: 373 Coongoola | D433: 27-38 S | E433: 45-53 E | F433: Chak Musa,SCgdha 32 | G433: 32:21 | I433: 72:37
A434: 26.56N | B434: 67.21E | C434: 374 Copenhagen | D434: 55-41 N | E434: 12-34 E | F434: Chak Musapur,Fsrbd 31 | G434: 30:48 | I434: 73:5
A435: 35.05N | B435: 63.35E | C435: 375 Coppermine | D435: 67-50 N | E435: 116-00 W | F435: Chak Naban,Rwl'pndi 33 | G435: 33:10 | I435: 73:11
A436: 35.53N | B436: 71.35E | C436: 376 Cordoba | D436: 37-35 N | E436: 4-55 W | F436: Chak Nahrwala,Sr'gdha 32 | G436: 32:5 | I436: 72:53
A437: 32.37N | B437: 71.46E | C437: 377 Cordoba | D437: 31-36 S | E437: 64-12 W | F437: Chak Nashebi,Multan 30 | G437: 30:14 | I437: 71:38
A438: 28.44N | B438: 74.51E | C438: 378 Corfield | D438: 21-45 S | E438: 43-25 E | F438: Chak Naurang Shah,Multan 30 | G438: 30:4 | I438: 71:38
A439: 26.54N | B439: 66.15E | C439: 379 Corrientes | D439: 27-30 S | E439: 58-30 W | F439: Chak Nazar,Gujrat 33 | G439: 32:52 | I439: 73:41
A440: 25.54N | B440: 64.42E | C440: 380 Corrientes | D440: 27-25 S | E440: 58-42 W | F440: Chak Nizam,Jhelum 33 | G440: 32:34 | I440: 73:10
A441: 30.23N | B441: 69.01E | C441: 381 Corrigin | D441: 32-08 S | E441: 17-00 E | F441: Chak No 66,Lahore 31 | G441: 31:14 | I441: 74:0
A442: 30.25N | B442: 71.33E | C442: 382 Corse | D442: 42-00 N | E442: 9-00 E | F442: Chak Number 44,Shikhu'prz 32 | G442: 31:44 | I442: 74:16
A443: 32.57N | B443: 67.01E | C443: 383 Cartagena | D443: 37-25 N | E443: 1-08 W | F443: Chak Number 11,Shiku'pra 32 | G443: 31:33 | I443: 74:2
A444: 35.27N | B444: 69.55E | C444: 384 Costa Rica | D444: 10-00 N | E444: 85-00 W | F444: Chak Number 16,Shiku'pra 32 | G444: 31:33 | I444: 74:3
... A686: 25.08N | B686: 70.22E | C686: 626 Iloilo | D686: 10-49 N | E686: 22-33 E | F686: Dhaurianwala,Multan 30 | G686: 30:6 | I686: 72:6
A687: 32.48N | B687: 69.25E | C687: 627 Imphal | D687: 25-00 N | E687: 95-50 E | F687: Dheri,Attock 34 | G687: 33.47 | I687: 72:14
A688: 33.19N | B688: 70.07E | C688: 628 In Salah | D688: 27-02 N | E688: 2-04 E | F688: Dhen,Ba | G688: 34:42 | I688: 71:39
A689: 28.54N | B689: 71.50E | C689: 629 India | D689: 39-57 N | E689: 80-00 E | F689: Dhen,Dir 35 | G689: 34:47 | I689: 71:49
A690: 25.29N | B690: 64.27E | C690: 630 Indianapolis | D690: 39-57 N | E690: 86-00 W | F690: Dhen,Hazara 34 | G690: 34:8 | I690: 72.49
A691: 30.24N | B691: 70.31E | C691: 631 Indore | D691: 22-48 N | E691: 75-51 E | F691: Dheri ,Hazara 34 | G691: 33:59 | I691: 72:56
A692: 34.39N | B692: 73.28E | C692: 632 Ingham | D692: 18-41 S | E692: 46-00 E | F692: Dheri Jhelum 33 | G692: 32:59 | I692: 73:10
A693: 28.03N | B693: 75.57E | C693: 633 Innisfail | D693: 17-50 S | E693: 74-00 W | F693: .A.T...Dheri | G693: 33:59 | I693: 71:33
A694: 27.55N | B694: 66.37E | C694: 634 Invucarglll | D694: 46-30 S | E694: 68-00 E | F694: Dhok Kharnial,Attock | G694: 33:18 | I694: 72:9
A695: 35.22N | B695: 64.35E | C695: 635 Iowa | D695: 41-40 N | E695: 91-35 W | F695: Dhok Kharpa,Attock | G695: 33:17 | I695: 72:13
A696: 29.40N | B696: 71.40E | C696: 636 Lpoh1 | D696: 5-00 N | E696: 01-00 E | F696: Dhok Khokar,Rwl'pridi | G696: 33:38 | I696: 72:56
A697: 33.22N | B697: 70.58E | C697: 637 Iquique | D697: 20-16 S | E697: 70-07 W | F697: Dhok Khole Rwl'ondi | G697: 33:17 | I697: 72:59
A698: 29.07N | B698: 74.49E | C698: 638 Iquitos | D698: 4-10 S | E698: 74-00 E | F698: Dhok Khorian,Rwl'ondi | G698: 33:26 | I698: 72:47
A699: 32.46N | B699: 62.27E | C699: 639 Iran | D699: 32-00 N | E699: 55-00 E | F699: Dhok Khudadad,Rwl'ondi | G699: 33:21 | I699: 72:44
A700: 33.15N | B700: 71.58E | C700: 640 Iraq | D700: 33-00 N | E700: 43-00 E | F700: Dhok Khundi Dheri,Attock | G700: 33:12 | I700: 72:23
A701: 32.38N | B701: 72.14E | C701: 641 Ireland | D701: 54-00 N | E701: 8-00 W | F701: Dhok Khuwawar,Attock | G701: 32:48 | I701: 71:54
A702: 35.14N | B702: 72.59E | C702: 642 Irginia | D702: 37-30 N | E702: 79-00 W | F702: Dhok Kiran Wati,Attock | G702: 33:30 | I702: 72:33
... A1057: 25.52N | B1057: 74.30E | C1057: 997 Mt Vernon | D1057: 24-00 S | E1057: 18-00 E | F1057: Jams il,Shikhu'ira | G1057: 31:57 | I1057: 74:29
A1058: 24.45N | B1058: 63.33E | C1058: 998 Mulhouse | D1058: 47-40 N | E1058: 7 20 E | F1058: Jamke,Sr'g_dha | G1058: 32:0 | I1058: 72.38
A1059: 26.59N | B1059: 70.34E | C1059: 999 Multan | D1059: 30-12 N | E1059: 71-28 E | F1059: Jammun,Attock | G1059: 33:59 | I1059: 72:37
A1060: 27.48N | B1060: 65.28E | C1060: 1000 Munbiirra | D1060: 15-00 S | E1060: 45-00 E | F1060: Jam • ur,DG Khan | G1060: 29:39 | I1060: 70:36
A1061: 31.03N | B1061: 66.50E | C1061: 1001 Munich | D1061: 48-00 S | E1061: 11-20 E | F1061: Jam ur,Mzfr' • rh | G1061: 30:48 | I1061: 71:1
A1062: 26.15N | B1062: 69.30E | C1062: 1002 Murcia | D1062: 38-45 N | E1062: 1-09 W | F1062: Jamrah,Mardan | G1062: 34:10 | I1062: 71:59
A1063: 25.57N | B1063: 64.56E | C1063: 1003 Murmansk | D1063: 69-00 N | E1063: 33-00 E | F1063: Jamrani Kuhna,Bwrsur | G1063: 29:17 | I1063: 71:30
A1064: 26.20N | B1064: 67.17E | C1064: 1004 Muroran | D1064: 42-21 N | E1064: 41-05 E | F1064: Jamraniwah,Multan | G1064: 29:35 | I1064: 71:45
A1065: 28.29N | B1065: 67.40E | C1065: 1005 Muscat | D1065: 23-00 N | E1065: 58-00 E | F1065: Jamrao Head,Khair.ur | G1065: 26:26 | I1065: 68:52
A1066: 25.27N | B1066: 68.42E | C1066: 1006 Musgrave | D1066: 14-45 S | E1066: 43-30 E | F1066: Jamsher,Lahore | G1066: 31:7 | I1066: 73:59
...

Sheet برائے طلباء
A1: =اندراج!$F$2 -> مردان | G1: دائمی اوقات نماز ودائمی سحروافطار برائے | N1: =اندراج!$F$2 -> مردان | T1: دائمی اوقات نماز ودائمی سحروافطار برائے | AA1: =اندراج!$F$2 -> مردان | AG1: دائمی اوقات نماز ودائمی سحروافطار برائے | AN1: =اندراج!$F$2 -> مردان | AT1: دائمی اوقات نماز ودائمی سحروافطار برائے | BA1: =اندراج!$F$2 -> مردان | BG1: دائمی اوقات نماز ودائمی سحروافطار برائے | BN1: =اندراج!$F$2 -> مردان | BT1: دائمی اوقات نماز ودائمی سحروافطار برائے | CA1: =اندراج!$F$2 -> مردان | CG1: دائمی اوقات نماز ودائمی سحروافطار برائے | CN1: =اندراج!$F$2 -> مردان | CT1: دائمی اوقات نماز ودائمی سحروافطار برائے | DA1: =اندراج!$F$2 -> مردان | DG1: دائمی اوقات نماز ودائمی سحروافطار برائے | DN1: =اندراج!$F$2 -> مردان | DT1: دائمی اوقات نماز ودائمی سحروافطار برائے | EA1: =اندراج!$F$2 -> مردان | EG1: دائمی اوقات نماز ودائمی سحروافطار برائے | EN1: =اندراج!$F$2 -> مردان | ET1: دائمی اوقات نماز ودائمی سحروافطار برائے
A4: شفق ابیض | B4: شفق احمر | C4: افطار | D4: غروب | E4: مثل ثانی | F4: مثل اول | G4: نصف النھار عرفی | H4: نصف النھار شرعی | I4: شروق | J4: طلوع آفتاب | K4: صبح صادق | L4: ختم سحر | M4: دسمبر | N4: شفق ابیض | O4: شفق احمر | P4: افطار | Q4: غروب | R4: مثل ثانی | S4: مثل اول | T4: نصف النھار عرفی | U4: نصف النھار شرعی | V4: شروق | W4: طلوع آفتاب | X4: صبح صادق | Y4: ختم سحر | Z4: نومبر | AA4: شفق ابیض | AB4: شفق احمر | AC4: افطار | AD4: غروب | AE4: مثل ثانی | AF4: مثل اول | AG4: نصف النھار عرفی | AH4: نصف النھار شرعی | AI4: شروق | AJ4: طلوع آفتاب | AK4: صبح صادق | AL4: ختم سحر | AM4: اکتوبر | AN4: شفق ابیض | AO4: شفق احمر | AP4: افطار | AQ4: غروب | AR4: عصر2 | AS4: مثل اول | AT4: نصف النھار عرفی | AU4: نصف النھار شرعی | AV4: شروق | AW4: طلوع آفتاب | AX4: صبح صادق | AY4: ختم سحر | AZ4: ستمبر | BA4: شفق ابیض | BB4: شفق احمر | BC4: افطار | BD4: غروب | BE4: مثل ثانی | BF4: مثل اول | BG4: نصف النھار عرفی | BH4: نصف النھار شرعی | BI4: شروق | BJ4: طلوع آفتاب | BK4: صبح صادق | BL4: ختم سحر | BM4: اگست | BN4: شفق ابیض | BO4: شفق احمر | BP4: افطار | BQ4: غروب | BR4: مثل ثانی | BS4: مثل اول | BT4: نصف النھار عرفی | BU4: نصف النھار شرعی | BV4: شروق | BW4: طلوع آفتاب | BX4: صبح صادق | BY4: ختم سحر | BZ4: جولائی | CA4: شفق ابیض | CB4: شفق احمر | CC4: افطار | CD4: غروب | CE4: مثل ثانی | CF4: مثل اول | CG4: نصف النھار عرفی | CH4: نصف النھار شرعی | CI4: شروق | CJ4: طلوع آفتاب | CK4: صبح صادق | CL4: ختم سحر | CM4: جون | CN4: شفق ابیض | CO4: شفق احمر | CP4: افطار | CQ4: غروب | CR4: مثل ثانی | CS4: مثل اول | CT4: نصف النھار عرفی | CU4: نصف النھار شرعی | CV4: شروق | CW4: طلوع آفتاب | CX4: صبح صادق | CY4: ختم سحر | CZ4: مئی | DA4: شفق ابیض | DB4: شفق احمر | DC4: افطار | DD4: غروب | DE4: مثل ثانی | DF4: مثل اول | DG4: نصف النھار عرفی | DH4: نصف النھار شرعی | DI4: شروق | DJ4: طلوع آفتاب | DK4: صبح صادق | DL4: ختم سحر | DM4: اپریل | DN4: شفق ابیض | DO4: شفق احمر | DP4: افطار | DQ4: غروب | DR4: مثل ثانی | DS4: مثل اول | DT4: نصف النھار عرفی | DU4: نصف النھار شرعی | DV4: شروق | DW4: طلوع آفتاب | DX4: صبح صادق | DY4: ختم سحر | DZ4: مارچ | EA4: شفق ابیض | EB4: شفق احمر | EC4: افطار | ED4: غروب | EE4: مثل ثانی | EF4: مثل اول | EG4: نصف النھار عرفی | EH4: نصف النھار شرعی | EI4: شروق | EJ4: طلوع آفتاب | EK4: صبح صادق | EL4: ختم سحر | EM4: فروری | EN4: شفق ابیض | EO4: شفق احمر | EP4: افطار | EQ4: غروب | ER4: مثل ثانی | ES4: مثل اول | ET4: نصف النھار عرفی | EU4: نصف النھار شرعی | EV4: شروق | EW4: طلوع آفتاب | EX4: صبح صادق | EY4: ختم سحر | EZ4: جنوری
A5: =(IF(AND(D!FC222<180),D!FG222+(D!FE222/15-12),0))/24 -> 0.27084935 | B5: =(IF(AND(D!FA222<180),D!FG222+(D!FA222/15-12),0))/24 -> 0.2498007 | C5: =TIME(HOUR(D5),MINUTE(D5)+3,SECOND(D5)) -> 0.21128472 | D5: =(IF(AND(D!$EY222<180),D!$FG222+(D!$EY222/15-12),0))/24 -> 0.20920198 | E5: =(IF(AND(D!$ER222<180),D!$FG222+(D!$ER222/15-12),0))/24 -> 0.14114246 | F5: =(IF(AND(D!$ET222<180),D!$FG222+(D!$ET222/15-12),0))/24 -> 0.11291307 | G5: =D!FG222/24 -> 0.50019907 | H5: =(K5+(D!FK222/2)) -> 0.46937539 | I5: =(IF(AND(D!$EW222<180),D!$FG222-(D!$EW222/15),0))/24 -> 0.29962569 | J5: =(IF(AND(D!$EY222<180),D!$FG222-(D!$EY222/15),0))/24 -> 0.29119617 | K5: =(IF(AND(D!$FC222<180),D!$FG222-(D!$FE222/15),0))/24 -> 0.2295488 | L5: =TIME(HOUR(K5),MINUTE(K5)-5,MINUTE(K5)) -> 0.22604167 | M5: 1 | N5: =(IF(AND(D!FZ222<180),D!GD222+(D!GB222/15-12),0))/24 -> 0.27998265 | O5: =(IF(AND(D!FX222<180),D!GD222+(D!FX222/15-12),0))/24 -> 0.25962131 | P5: =TIME(HOUR(Q5),MINUTE(Q5)+3,SECOND(Q5)) -> 0.22309028 | Q5: =(IF(AND(D!$FU222<180),D!$GD222+(D!$FU222/15-12),0))/24 -> 0.22100159 | R5: =(IF(AND(D!$FN222<180),D!$GD222+(D!$FN222/15-12),0))/24 -> 0.15254101 | S5: =(IF(AND(D!$FP222<180),D!$GD222+(D!$FP222/15-12),0))/24 -> 0.12172527 | T5: =D!GD222/24 -> 0.49640741 | U5: =(X5+(D!GG222/2)) -> 0.46691688 | V5: =(IF(AND(D!$FS222<180),D!$GD222-(D!$FS222/15),0))/24 -> 0.27970606 | W5: =(IF(AND(D!$FU222<180),D!$GD222-(D!$FU222/15),0))/24 -> 0.27181323 | X5: =(IF(AND(D!$FZ222<180),D!$GD222-(D!$GB222/15),0))/24 -> 0.21283217 | Y5: =TIME(HOUR(X5),MINUTE(X5)-5,MINUTE(X5)) -> 0.20909722 | Z5: 1 | AA5: =(IF(AND(D!FC180<180),D!FG180+(D!FE180/15-12),0))/24 -> 0.30496458 | AB5: =(IF(AND(D!FA180<180),D!FG180+(D!FA180/15-12),0))/24 -> 0.28465749 | AC5: =TIME(HOUR(AD5),MINUTE(AD5)+3,SECOND(AD5)) -> 0.24915509 | AD5: =(IF(AND(D!$EY180<180),D!$FG180+(D!$EY180/15-12),0))/24 -> 0.24707215 | AE5: =(IF(AND(D!$ER180<180),D!$FG180+(D!$ER180/15-12),0))/24 -> 0.17606365 | AF5: =(IF(AND(D!$ET180<180),D!$FG180+(D!$ET180/15-12),0))/24 -> 0.14090778 | AG5: =D!FG180/24 -> 0.50061574 | AH5: =(AK5+(D!FK180/2)) -> 0.47166952 | AI5: =(IF(AND(D!$EW180<180),D!$FG180-(D!$EW180/15),0))/24 -> 0.26169024 | AJ5: =(IF(AND(D!$EY180<180),D!$FG180-(D!$EY180/15),0))/24 -> 0.25415933 | AK5: =(IF(AND(D!$FC180<180),D!$FG180-(D!$FE180/15),0))/24 -> 0.1962669 | AL5: =TIME(HOUR(AK5),MINUTE(AK5)-10,MINUTE(AK5)) -> 0.189375 | AM5: 1 | AN5: =(IF(AND(D!FZ180<180),D!GD180+(D!GB180/15-12),0))/24 -> 0.33666029 | AO5: =(IF(AND(D!FX180<180),D!GD180+(D!FX180/15-12),0))/24 -> 0.31501878 | AP5: =TIME(HOUR(AQ5),MINUTE(AQ5)+3,SECOND(AQ5)) -> 0.27827546 | AQ5: =(IF(AND(D!$FU180<180),D!$GD180+(D!$FU180/15-12),0))/24 -> 0.27619649 | AR5: =(IF(AND(D!$FN180<180),D!$GD180+(D!$FN180/15-12),0))/24 -> 0.19954038 | AS5: =(IF(AND(D!$FP180<180),D!$GD180+(D!$FP180/15-12),0))/24 -> 0.15865999 | AT5: =D!GD180/24 -> 0.50782407 | AU5: =(AX5+(D!GG180/2)) -> 0.47759217 | AV5: =(IF(AND(D!$FS180<180),D!$GD180-(D!$FS180/15),0))/24 -> 0.24706977 | AW5: =(IF(AND(D!$FU180<180),D!$GD180-(D!$FU180/15),0))/24 -> 0.23945166 | AX5: =(IF(AND(D!$FZ180<180),D!$GD180-(D!$GB180/15),0))/24 -> 0.17898786 | AY5: =TIME(HOUR(AX5),MINUTE(AX5)-10,MINUTE(AX5)) -> 0.17172454 | AZ5: 1 | BA5: =(IF(AND(D!FC138<180),D!FG138+(D!FE138/15-12),0))/24 -> 0.3674242 | BB5: =(IF(AND(D!FA138<180),D!FG138+(D!FA138/15-12),0))/24 -> 0.34286753 | BC5: =TIME(HOUR(BD5),MINUTE(BD5)+3,SECOND(BD5)) -> 0.3027662 | BD5: =(IF(AND(D!$EY138<180),D!$FG138+(D!$EY138/15-12),0))/24 -> 0.30068207 | BE5: =(IF(AND(D!$ER138<180),D!$FG138+(D!$ER138/15-12),0))/24 -> 0.21581082 | BF5: =(IF(AND(D!$ET138<180),D!$FG138+D!$ET138/15-12,0))/24 -> 0.16819909 | BG5: =D!FG138/24 -> 0.51228241 | BH5: =(BK5+(D!FK138/2)) -> 0.47891134 | BI5: =(IF(AND(D!$EW138<180),D!$FG138-(D!$EW138/15),0))/24 -> 0.23196249 | BJ5: =(IF(AND(D!$EY138<180),D!$FG138-(D!$EY138/15),0))/24 -> 0.22388274 | BK5: =(IF(AND(D!$FC138<180),D!$FG138-(D!$FE138/15),0))/24 -> 0.15714061 | BL5: =TIME(HOUR(BK5),MINUTE(BK5)-10,MINUTE(BK5)) -> 0.15053241 | BM5: 1 | BN5: =(IF(AND(D!FZ138<180),D!GD138+(D!GB138/15-12),0))/24 -> 0.38338981 | BO5: =(IF(AND(D!FX138<180),D!GD138+(D!FX138/15-12),0))/24 -> 0.35599812 | BP5: =TIME(HOUR(BQ5),MINUTE(BQ5)+3,SECOND(BQ5)) -> 0.31278935 | BQ5: =(IF(AND(D!$FU138<180),D!$GD138+(D!$FU138/15-12),0))/24 -> 0.31070716 | BR5: =(IF(AND(D!$FN138<180),D!$GD138+(D!$FN138/15-12),0))/24 -> 0.21968543 | BS5: =(IF(AND(D!$FP138<180),D!$GD138+(D!$FP138/15-12),0))/24 -> 0.16746202 | BT5: =D!GD138/24 -> 0.51057407 | BU5: =(BX5+(D!GG138/2)) -> 0.47423275 | BV5: =(IF(AND(D!$FS138<180),D!$GD138-(D!$FS138/15),0))/24 -> 0.21895526 | BW5: =(IF(AND(D!$FU138<180),D!$GD138-(D!$FU138/15),0))/24 -> 0.21044099 | BX5: =(IF(AND(D!$FZ138<180),D!$GD138-(D!$GB138/15),0))/24 -> 0.13775834 | BY5: =TIME(HOUR(BX5),MINUTE(BX5)-10,MINUTE(BX5)) -> 0.13076389 | BZ5: 1 | CA5: =(IF(AND(D!FC97<180),D!FG97+D!FE97/15-12,0))/24 -> 0.37559553 | CB5: =(IF(AND(D!FA97<180),D!FG97+D!FA97/15-12,0))/24 -> 0.3488403 | CC5: =TIME(HOUR(CD5),MINUTE(CD5)+3,SECOND(CD5)) -> 0.30630787 | CD5: =(IF(AND(D!$EY97<180),D!$FG97+(D!$EY97/15-12),0))/24 -> 0.30422429 | CE5: =(IF(AND(D!$ER97<180),D!$FG97+(D!$ER97/15-12),0))/24 -> 0.21446883 | CF5: =(IF(AND(D!$ET97<180),D!$FG97+(D!$ET97/15-12),0))/24 -> 0.16317572 | CG5: =D!FG97/24 -> 0.50636574 | CH5: =(CK5+(D!FK97/2)) -> 0.47068012 | CI5: =(IF(AND(D!$EW97<180),D!$FG97-(D!$EW97/15),0))/24 -> 0.21692787 | CJ5: =(IF(AND(D!$EY97<180),D!$FG97-(D!$EY97/15),0))/24 -> 0.20850719 | CK5: =(IF(AND(D!$FC97<180),D!$FG97-(D!$FE97/15),0))/24 -> 0.13713595 | CL5: =TIME(HOUR(CK5),MINUTE(CK5)-10,MINUTE(CK5)) -> 0.13005787 | CM5: 1 | CN5: =(IF(AND(D!FZ97<180),D!GD97+(D!GB97/15-12),0))/24 -> 0.35295659 | CO5: =(IF(AND(D!FX97<180),D!GD97+(D!FX97/15-12),0))/24 -> 0.32944722 | CP5: =TIME(HOUR(CQ5),MINUTE(CQ5)+3,SECOND(CQ5)) -> 0.29054398 | CQ5: =(IF(AND(D!$FU97<180),D!$GD97+(D!$FU97/15-12),0))/24 -> 0.28846501 | CR5: =(IF(AND(D!$FN97<180),D!$GD97+(D!$FN97/15-12),0))/24 -> 0.20625667 | CS5: =(IF(AND(D!$FP97<180),D!$GD97+(D!$FP97/15-12),0))/24 -> 0.16073145 | CT5: =D!GD97/24 -> 0.50582407 | CU5: =(CX5+(D!GG97/2)) -> 0.47954339 | CV5: =(IF(AND(D!$FS97<180),D!$GD97-(D!$FS97/15),0))/24 -> 0.23109364 | CW5: =(IF(AND(D!$FU97<180),D!$GD97-(D!$FU97/15),0))/24 -> 0.22318314 | CX5: =(IF(AND(D!$FZ97<180),D!$GD97-(D!$FZ97/15),0))/24 -> 0.17062177 | CY5: =TIME(HOUR(CX5),MINUTE(CX5)-10,MINUTE(CX5)) -> 0.16325231 | CZ5: 1 | DA5: =(IF(AND(D!FC51<180),D!FG51+(D!FC51/15-12),0))/24 -> 0.32089388 | DB5: =(IF(AND(D!FA51<180),D!FG51+(D!FA51/15-12),0))/24 -> 0.31042681 | DC5: =TIME(HOUR(DD5),MINUTE(DD5)+3,SECOND(DD5)) -> 0.27431713 | DD5: =(IF(AND(D!$EY51<180),D!$FG51+(D!$EY51/15-12),0))/24 -> 0.27223423 | DE5: =(IF(AND(D!$ER51<180),D!$FG51+(D!$ER51/15-12),0))/24 -> 0.19764749 | DF5: =(IF(AND(D!$ET51<180),D!$FG51+(D!$ET51/15-12),0))/24 -> 0.1586714 | DG5: =D!FG51/24 -> 0.51049074 | DH5: =(DK5+(D!FK51/2)) -> 0.48086211 | DI5: =(IF(AND(D!$EW51<180),D!$FG51-(D!$EW51/15),0))/24 -> 0.25629215 | DJ5: =(IF(AND(D!$EY51<180),D!$FG51-(D!$EY51/15),0))/24 -> 0.24874725 | DK5: =(IF(AND(D!$FC51<180),D!$FG51-(D!$FE51/15),0))/24 -> 0.18948999 | DL5: =TIME(HOUR(DK5),MINUTE(DK5)-10,MINUTE(DK5)) -> 0.18231481 | DM5: 1 | DN5: =(IF(AND(D!FZ51<180),D!GD51+D!GB51/15-12,0))/24 -> 0.31370136 | DO5: =(IF(AND(D!FX51<180),D!GD51+D!FX51/15-12,0))/24 -> 0.2926729 | DP5: =TIME(HOUR(DQ5),MINUTE(DQ5)+3,SECOND(DQ5)) -> 0.25704861 | DQ5: =(IF(AND(D!$EY51<180),D!GD51+(D!FU51/15-12),0))/24 -> 0.25496471 | DR5: =(IF(AND(D!$FN51<180),D!GD51+(D!FN51/15-12),0))/24 -> 0.18518414 | DS5: =(IF(AND(D!$FP51<180),D!GD51+(D!FP51/15-12),0))/24 -> 0.15170901 | DT5: =D!GD51/24 -> 0.51632407 | DU5: =(DX5+(D!GG51/2)) -> 0.48695575 | DV5: =(IF(AND(D!FS51<180),D!GD51-(D!FS51/15),0))/24 -> 0.28529177 | DW5: =(IF(AND(D!FU51<180),D!GD51-(D!FU51/15),0))/24 -> 0.27768344 | DX5: =(IF(AND(D!$FC51<180),D!GD51-(D!GB51/15),0))/24 -> 0.21894679 | DY5: =TIME(HOUR(DX5),MINUTE(DX5)-10,MINUTE(DX5)) -> 0.21197917 | DZ5: 1 | EA5: =(IF(AND(D!$FC6<180),D!$FG6+D!$FE6/15-12,0))/24 -> 0.29632487 | EB5: =(IF(AND(D!$FA6<180),D!$FG6+D!$FA6/15-12,0))/24 -> 0.27578821 | EC5: =TIME(HOUR(ED5),MINUTE(ED5)+3,SECOND(ED5)) -> 0.2387037 | ED5: =(IF(AND(D!$EY6<180),D!FG6+(D!$EY6/15-12),0))/24 -> 0.23662035 | EE5: =(IF(AND(D!$ER6<180),D!FG6+(D!$ER6/15-12),0))/24 -> 0.16839941 | EF5: =(IF(AND(D!$ET6<180),D!FG6+(D!$ET6/15-12),0))/24 -> 0.13847363 | EG5: =D!$FG6/24 -> 0.51719907 | EH5: =($EK5+(D!$FK6/2)) -> 0.48734681 | EI5: =(IF(AND(D!$EW6<180),D!FG6-(D!$EW6/15),0))/24 -> 0.30582276 | EJ5: =(IF(AND(D!$EY6<180),D!$FG6-(D!$EY6/15),0))/24 -> 0.2977778 | EK5: =(IF(AND(D!$FC6<180),D!$FG6-(D!$FE6/15),0))/24 -> 0.23807328 | EL5: =TIME(HOUR(EK5),MINUTE(EK5)-10,MINUTE(EK5)) -> 0.23104167 | EM5: 1 | EN5: =(IF(AND(D!FZ6<180),D!GD6+(D!GB6/15-12),0))/24 -> 0.27885274 | EO5: =(IF(AND(D!$FX6<180),D!$GD6+(D!$FX6/15-12),0))/24 -> 0.25764789 | EP5: =TIME(HOUR(EQ5),MINUTE(EQ5)+3,SECOND(EQ5)) -> 0.21871528 | EQ5: =(IF(AND(D!$FU6<180),D!$GD6+(D!$FU6/15-12),0))/24 -> 0.21663141 | ER5: =(IF(AND(D!$FN6<180),D!$GD6+(D!$FN6/15-12),0))/24 -> 0.14855651 | ES5: =(IF(AND(D!$FP6<180),D!$GD6+(D!$FP6/15-12),0))/24 -> 0.12073196 | ET5: =D!$GD6/24 -> 0.51019907 | EU5: =($EX5+(D!$GG6/2)) -> 0.47908841 | EV5: =(IF(AND(D!$FS6<180),D!$GD6-(D!$FS6/15),0))/24 -> 0.31230738 | EW5: =(IF(AND(D!$FU6<180),D!$GD6-(D!$FU6/15),0))/24 -> 0.30376674 | EX5: =(IF(AND(D!$FZ6<180),D!$GD6-(D!$GB6/15),0))/24 -> 0.2415454 | EY5: =TIME(HOUR(EX5),MINUTE(EX5)-5,MINUTE(EX5)) -> 0.23804398 | EZ5: 1
A6: =(IF(AND(D!FC223<180),D!FG223+(D!FE223/15-12),0))/24 -> 0.27083607 | B6: =(IF(AND(D!FA223<180),D!FG223+(D!FA223/15-12),0))/24 -> 0.24976762 | C6: =TIME(HOUR(D6),MINUTE(D6)+3,SECOND(D6)) -> 0.2112037 | D6: =(IF(AND(D!$EY223<180),D!$FG223+(D!$EY223/15-12),0))/24 -> 0.20911567 | E6: =(IF(AND(D!$ER223<180),D!$FG223+(D!$ER223/15-12),0))/24 -> 0.14105524 | F6: =(IF(AND(D!$ET223<180),D!$FG223+(D!$ET223/15-12),0))/24 -> 0.11287904 | G6: =D!FG223/24 -> 0.50044907 | H6: =(K6+(D!FK223/2)) -> 0.46958887 | I6: =(IF(AND(D!$EW223<180),D!$FG223-(D!$EW223/15),0))/24 -> 0.30022617 | J6: =(IF(AND(D!$EY223<180),D!$FG223-(D!$EY223/15),0))/24 -> 0.29178248 | K6: =(IF(AND(D!$FC223<180),D!$FG223-(D!$FE223/15),0))/24 -> 0.23006208 | L6: =TIME(HOUR(K6),MINUTE(K6)-5,MINUTE(K6)) -> 0.22674769 | M6: 2 | N6: =(IF(AND(D!FZ223<180),D!GD223+(D!GB223/15-12),0))/24 -> 0.27941727 | O6: =(IF(AND(D!FX223<180),D!GD223+(D!FX223/15-12),0))/24 -> 0.25903708 | P6: =TIME(HOUR(Q6),MINUTE(Q6)+3,SECOND(Q6)) -> 0.22244213 | Q6: =(IF(AND(D!$FU223<180),D!$GD223+(D!$FU223/15-12),0))/24 -> 0.22035491 | R6: =(IF(AND(D!$FN223<180),D!$GD223+(D!$FN223/15-12),0))/24 -> 0.15193084 | S6: =(IF(AND(D!$FP223<180),D!$GD223+(D!$FP223/15-12),0))/24 -> 0.12122854 | T6: =D!GD223/24 -> 0.49640741 | U6: =(X6+(D!GG223/2)) -> 0.46687623 | V6: =(IF(AND(D!$FS223<180),D!$GD223-(D!$FS223/15),0))/24 -> 0.28037036 | W6: =(IF(AND(D!$FU223<180),D!$GD223-(D!$FU223/15),0))/24 -> 0.27245991 | X6: =(IF(AND(D!$FZ223<180),D!$GD223-(D!$GB223/15),0))/24 -> 0.21339755 | Y6: =TIME(HOUR(X6),MINUTE(X6)-5,MINUTE(X6)) -> 0.20980324 | Z6: 2 | AA6: =(IF(AND(D!FC181<180),D!FG181+(D!FE181/15-12),0))/24 -> 0.30400161 | AB6: =(IF(AND(D!FA181<180),D!FG181+(D!FA181/15-12),0))/24 -> 0.28371292 | AC6: =TIME(HOUR(AD6),MINUTE(AD6)+3,SECOND(AD6)) -> 0.24820602 | AD6: =(IF(AND(D!$EY181<180),D!$FG181+(D!$EY181/15-12),0))/24 -> 0.24612818 | AE6: =(IF(AND(D!$ER181<180),D!$FG181+(D!$ER181/15-12),0))/24 -> 0.17525177 | AF6: =(IF(AND(D!$ET181<180),D!$FG181+(D!$ET181/15-12),0))/24 -> 0.14026128 | AG6: =D!FG181/24 -> 0.50040741 | AH6: =(AK6+(D!FK181/2)) -> 0.4714707 | AI6: =(IF(AND(D!$EW181<180),D!$FG181-(D!$EW181/15),0))/24 -> 0.26222237 | AJ6: =(IF(AND(D!$EY181<180),D!$FG181-(D!$EY181/15),0))/24 -> 0.25468663 | AK6: =(IF(AND(D!$FC181<180),D!$FG181-(D!$FE181/15),0))/24 -> 0.19681321 | AL6: =TIME(HOUR(AK6),MINUTE(AK6)-10,MINUTE(AK6)) -> 0.19008102 | AM6: 2 | AN6: =(IF(AND(D!FZ181<180),D!GD181+(D!GB181/15-12),0))/24 -> 0.33559295 | AO6: =(IF(AND(D!FX181<180),D!GD181+(D!FX181/15-12),0))/24 -> 0.31402129 | AP6: =TIME(HOUR(AQ6),MINUTE(AQ6)+3,SECOND(AQ6)) -> 0.27736111 | AQ6: =(IF(AND(D!$FU181<180),D!$GD181+(D!$FU181/15-12),0))/24 -> 0.27527751 | AR6: =(IF(AND(D!$FN181<180),D!$GD181+(D!$FN181/15-12),0))/24 -> 0.19885866 | AS6: =(IF(AND(D!$FP181<180),D!$GD181+(D!$FP181/15-12),0))/24 -> 0.15819001 | AT6: =D!GD181/24 -> 0.50761574 | AU6: =(AX6+(D!GG181/2)) -> 0.47745802 | AV6: =(IF(AND(D!$FS181<180),D!$GD181-(D!$FS181/15),0))/24 -> 0.24756231 | AW6: =(IF(AND(D!$FU181<180),D!$GD181-(D!$FU181/15),0))/24 -> 0.23995397 | AX6: =(IF(AND(D!$FZ181<180),D!$GD181-(D!$GB181/15),0))/24 -> 0.17963853 | AY6: =TIME(HOUR(AX6),MINUTE(AX6)-10,MINUTE(AX6)) -> 0.17243056 | AZ6: 2 | BA6: =(IF(AND(D!FC139<180),D!FG139+(D!FE139/15-12),0))/24 -> 0.36659279 | BB6: =(IF(AND(D!FA139<180),D!FG139+(D!FA139/15-12),0))/24 -> 0.34214574 | BC6: =TIME(HOUR(BD6),MINUTE(BD6)+3,SECOND(BD6)) -> 0.30216435 | BD6: =(IF(AND(D!$EY139<180),D!$FG139+(D!$EY139/15-12),0))/24 -> 0.30008509 | BE6: =(IF(AND(D!$ER139<180),D!$FG139+(D!$ER139/15-12),0))/24 -> 0.21548102 | BF6: =(IF(AND(D!$ET139<180),D!$FG139+D!$ET139/15-12,0))/24 -> 0.1680757 | BG6: =D!FG139/24 -> 0.51224074 | BH6: =(BK6+(D!FK139/2)) -> 0.47898689 | BI6: =(IF(AND(D!$EW139<180),D!$FG139-(D!$EW139/15),0))/24 -> 0.23245855 | BJ6: =(IF(AND(D!$EY139<180),D!$FG139-(D!$EY139/15),0))/24 -> 0.22439639 | BK6: =(IF(AND(D!$FC139<180),D!$FG139-(D!$FE139/15),0))/24 -> 0.15788869 | BL6: =TIME(HOUR(BK6),MINUTE(BK6)-10,MINUTE(BK6)) -> 0.15123843 | BM6: 2 | BN6: =(IF(AND(D!FZ139<180),D!GD139+(D!GB139/15-12),0))/24 -> 0.3832798 | BO6: =(IF(AND(D!FX139<180),D!GD139+(D!FX139/15-12),0))/24 -> 0.35593839 | BP6: =TIME(HOUR(BQ6),MINUTE(BQ6)+3,SECOND(BQ6)) -> 0.31278935 | BQ6: =(IF(AND(D!$FU139<180),D!$GD139+(D!$FU139/15-12),0))/24 -> 0.31070024 | BR6: =(IF(AND(D!$FN139<180),D!$GD139+(D!$FN139/15-12),0))/24 -> 0.21977637 | BS6: =(IF(AND(D!$FP139<180),D!$GD139+(D!$FP139/15-12),0))/24 -> 0.16762455 | BT6: =D!GD139/24 -> 0.51074074 | BU6: =(BX6+(D!GG139/2)) -> 0.47445096 | BV6: =(IF(AND(D!$FS139<180),D!$GD139-(D!$FS139/15),0))/24 -> 0.21928821 | BW6: =(IF(AND(D!$FU139<180),D!$GD139-(D!$FU139/15),0))/24 -> 0.21078124 | BX6: =(IF(AND(D!$FZ139<180),D!$GD139-(D!$GB139/15),0))/24 -> 0.13820168 | BY6: =TIME(HOUR(BX6),MINUTE(BX6)-10,MINUTE(BX6)) -> 0.13146991 | BZ6: 2 | CA6: =(IF(AND(D!FC98<180),D!FG98+D!FE98/15-12,0))/24 -> 0.37619484 | CB6: =(IF(AND(D!FA98<180),D!FG98+D!FA98/15-12,0))/24 -> 0.34935728 | CC6: =TIME(HOUR(CD6),MINUTE(CD6)+3,SECOND(CD6)) -> 0.30673611 | CD6: =(IF(AND(D!$EY98<180),D!$FG98+(D!$EY98/15-12),0))/24 -> 0.30465321 | CE6: =(IF(AND(D!$ER98<180),D!$FG98+(D!$ER98/15-12),0))/24 -> 0.21473057 | CF6: =(IF(AND(D!$ET98<180),D!$FG98+(D!$ET98/15-12),0))/24 -> 0.16331413 | CG6: =D!FG98/24 -> 0.50649074 | CH6: =(CK6+(D!FK98/2)) -> 0.47071993 | CI6: =(IF(AND(D!$EW98<180),D!$FG98-(D!$EW98/15),0))/24 -> 0.21676119 | CJ6: =(IF(AND(D!$EY98<180),D!$FG98-(D!$EY98/15),0))/24 -> 0.20832827 | CK6: =(IF(AND(D!$FC98<180),D!$FG98-(D!$FE98/15),0))/24 -> 0.13678664 | CL6: =TIME(HOUR(CK6),MINUTE(CK6)-10,MINUTE(CK6)) -> 0.12935185 | CM6: 2 | CN6: =(IF(AND(D!FZ98<180),D!GD98+(D!GB98/15-12),0))/24 -> 0.3537267 | CO6: =(IF(AND(D!FX98<180),D!GD98+(D!FX98/15-12),0))/24 -> 0.33011248 | CP6: =TIME(HOUR(CQ6),MINUTE(CQ6)+3,SECOND(CQ6)) -> 0.29108796 | CQ6: =(IF(AND(D!$FU98<180),D!$GD98+(D!$FU98/15-12),0))/24 -> 0.28900886 | CR6: =(IF(AND(D!$FN98<180),D!$GD98+(D!$FN98/15-12),0))/24 -> 0.20652215 | CS6: =(IF(AND(D!$FP98<180),D!$GD98+(D!$FP98/15-12),0))/24 -> 0.16077553 | CT6: =D!GD98/24 -> 0.50574074 | CU6: =(CX6+(D!GG98/2)) -> 0.4793756 | CV6: =(IF(AND(D!$FS98<180),D!$GD98-(D!$FS98/15),0))/24 -> 0.23040015 | CW6: =(IF(AND(D!$FU98<180),D!$GD98-(D!$FU98/15),0))/24 -> 0.22247262 | CX6: =(IF(AND(D!$FZ98<180),D!$GD98-(D!$FZ98/15),0))/24 -> 0.16974235 | CY6: =TIME(HOUR(CX6),MINUTE(CX6)-10,MINUTE(CX6)) -> 0.1625463 | CZ6: 2 | DA6: =(IF(AND(D!FC52<180),D!FG52+(D!FC52/15-12),0))/24 -> 0.32150902 | DB6: =(IF(AND(D!FA52<180),D!FG52+(D!FA52/15-12),0))/24 -> 0.31101648 | DC6: =TIME(HOUR(DD6),MINUTE(DD6)+3,SECOND(DD6)) -> 0.27484954 | DD6: =(IF(AND(D!$EY52<180),D!$FG52+(D!$EY52/15-12),0))/24 -> 0.27276497 | DE6: =(IF(AND(D!$ER52<180),D!$FG52+(D!$ER52/15-12),0))/24 -> 0.1979634 | DF6: =(IF(AND(D!$ET52<180),D!$FG52+(D!$ET52/15-12),0))/24 -> 0.15878277 | DG6: =D!FG52/24 -> 0.51028241 | DH6: =(DK6+(D!FK52/2)) -> 0.48059618 | DI6: =(IF(AND(D!$EW52<180),D!$FG52-(D!$EW52/15),0))/24 -> 0.25535091 | DJ6: =(IF(AND(D!$EY52<180),D!$FG52-(D!$EY52/15),0))/24 -> 0.24779984 | DK6: =(IF(AND(D!$FC52<180),D!$FG52-(D!$FE52/15),0))/24 -> 0.1884274 | DL6: =TIME(HOUR(DK6),MINUTE(DK6)-10,MINUTE(DK6)) -> 0.1816088 | DM6: 2 | DN6: =(IF(AND(D!FZ52<180),D!GD52+D!GB52/15-12,0))/24 -> 0.31428089 | DO6: =(IF(AND(D!FX52<180),D!GD52+D!FX52/15-12,0))/24 -> 0.29325967 | DP6: =TIME(HOUR(DQ6),MINUTE(DQ6)+3,SECOND(DQ6)) -> 0.25766204 | DQ6: =(IF(AND(D!$EY52<180),D!GD52+(D!FU52/15-12),0))/24 -> 0.25557507 | DR6: =(IF(AND(D!$FN52<180),D!GD52+(D!FN52/15-12),0))/24 -> 0.18569506 | DS6: =(IF(AND(D!$FP52<180),D!GD52+(D!FP52/15-12),0))/24 -> 0.15206868 | DT6: =D!GD52/24 -> 0.51619907 | DU6: =(DX6+(D!GG52/2)) -> 0.48684616 | DV6: =(IF(AND(D!FS52<180),D!GD52-(D!FS52/15),0))/24 -> 0.28442167 | DW6: =(IF(AND(D!FU52<180),D!GD52-(D!FU52/15),0))/24 -> 0.27682308 | DX6: =(IF(AND(D!$FC52<180),D!GD52-(D!GB52/15),0))/24 -> 0.21811726 | DY6: =TIME(HOUR(DX6),MINUTE(DX6)-10,MINUTE(DX6)) -> 0.21127315 | DZ6: 2 | EA6: =(IF(AND(D!$FC7<180),D!$FG7+D!$FE7/15-12,0))/24 -> 0.2969183 | EB6: =(IF(AND(D!$FA7<180),D!$FG7+D!$FA7/15-12,0))/24 -> 0.27640491 | EC6: =TIME(HOUR(ED6),MINUTE(ED6)+3,SECOND(ED6)) -> 0.23938657 | ED6: =(IF(AND(D!$EY7<180),D!FG7+(D!EY7/15-12),0))/24 -> 0.23730661 | EE6: =(IF(AND(D!$ER7<180),D!FG7+(D!ER7/15-12),0))/24 -> 0.16906372 | EF6: =(IF(AND(D!$ET7<180),D!FG7+(D!ET7/15-12),0))/24 -> 0.13903615 | EG6: =D!FG7/24 -> 0.51728241 | EH6: =(EK6+(D!FK7/2)) -> 0.48747656 | EI6: =(IF(AND(D!EW7<180),D!FG7-(D!EW7/15),0))/24 -> 0.30528412 | EJ6: =(IF(AND(D!EY7<180),D!FG7-(D!EY7/15),0))/24 -> 0.29725821 | EK6: =(IF(AND(D!$FC7<180),D!$FG7-(D!$FE7/15),0))/24 -> 0.23764651 | EL6: =TIME(HOUR(EK6),MINUTE(EK6)-10,MINUTE(EK6)) -> 0.23104167 | EM6: 2 | EN6: =(IF(AND(D!FZ7<180),D!GD7+(D!GB7/15-12),0))/24 -> 0.27934009 | EO6: =(IF(AND(D!$FX7<180),D!$GD7+(D!$FX7/15-12),0))/24 -> 0.25814778 | EP6: =TIME(HOUR(EQ6),MINUTE(EQ6)+3,SECOND(EQ6)) -> 0.21924769 | EQ6: =(IF(AND(D!$FU7<180),D!$GD7+(D!$FU7/15-12),0))/24 -> 0.2171647 | ER6: =(IF(AND(D!$FN7<180),D!$GD7+(D!$FN7/15-12),0))/24 -> 0.14909166 | ES6: =(IF(AND(D!$FP7<180),D!$GD7+(D!$FP7/15-12),0))/24 -> 0.12123577 | ET6: =D!GD7/24 -> 0.51053241 | EU6: =(EX6+(D!GG7/2)) -> 0.47944471 | EV6: =(IF(AND(D!$FS7<180),D!$GD7-(D!$FS7/15),0))/24 -> 0.31243188 | EW6: =(IF(AND(D!$FU7<180),D!$GD7-(D!$FU7/15),0))/24 -> 0.30390012 | EX6: =(IF(AND(D!$FZ7<180),D!$GD7-(D!$GB7/15),0))/24 -> 0.24172472 | EY6: =TIME(HOUR(EX6),MINUTE(EX6)-5,MINUTE(EX6)) -> 0.23875 | EZ6: 2
A7: =(IF(AND(D!FC224<180),D!FG224+(D!FE224/15-12),0))/24 -> 0.27087677 | B7: =(IF(AND(D!FA224<180),D!FG224+(D!FA224/15-12),0))/24 -> 0.24978922 | C7: =TIME(HOUR(D7),MINUTE(D7)+3,SECOND(D7)) -> 0.21116898 | D7: =(IF(AND(D!$EY224<180),D!$FG224+(D!$EY224/15-12),0))/24 -> 0.20908601 | E7: =(IF(AND(D!$ER224<180),D!$FG224+(D!$ER224/15-12),0))/24 -> 0.14102439 | F7: =(IF(AND(D!$ET224<180),D!$FG224+(D!$ET224/15-12),0))/24 -> 0.11289895 | G7: =D!FG224/24 -> 0.50074074 | H7: =(K7+(D!FK224/2)) -> 0.46984536 | I7: =(IF(AND(D!$EW224<180),D!$FG224-(D!$EW224/15),0))/24 -> 0.3008528 | J7: =(IF(AND(D!$EY224<180),D!$FG224-(D!$EY224/15),0))/24 -> 0.29239548 | K7: =(IF(AND(D!$FC224<180),D!$FG224-(D!$FE224/15),0))/24 -> 0.23060471 | L7: =TIME(HOUR(K7),MINUTE(K7)-5,MINUTE(K7)) -> 0.2274537 | M7: 3 | N7: =(IF(AND(D!FZ224<180),D!GD224+(D!GB224/15-12),0))/24 -> 0.27886147 | O7: =(IF(AND(D!FX224<180),D!GD224+(D!FX224/15-12),0))/24 -> 0.2584618 | P7: =TIME(HOUR(Q7),MINUTE(Q7)+3,SECOND(Q7)) -> 0.22179398 | Q7: =(IF(AND(D!$FU224<180),D!$GD224+(D!$FU224/15-12),0))/24 -> 0.21971623 | R7: =(IF(AND(D!$FN224<180),D!$GD224+(D!$FN224/15-12),0))/24 -> 0.15132633 | S7: =(IF(AND(D!$FP224<180),D!$GD224+(D!$FP224/15-12),0))/24 -> 0.12073541 | T7: =D!GD224/24 -> 0.49640741 | U7: =(X7+(D!GG224/2)) -> 0.46683478 | V7: =(IF(AND(D!$FS224<180),D!$GD224-(D!$FS224/15),0))/24 -> 0.28102683 | W7: =(IF(AND(D!$FU224<180),D!$GD224-(D!$FU224/15),0))/24 -> 0.27309859 | X7: =(IF(AND(D!$FZ224<180),D!$GD224-(D!$GB224/15),0))/24 -> 0.21395334 | Y7: =TIME(HOUR(X7),MINUTE(X7)-5,MINUTE(X7)) -> 0.21050926 | Z7: 3 | AA7: =(IF(AND(D!FC182<180),D!FG182+(D!FE182/15-12),0))/24 -> 0.30300237 | AB7: =(IF(AND(D!FA182<180),D!FG182+(D!FA182/15-12),0))/24 -> 0.28273053 | AC7: =TIME(HOUR(AD7),MINUTE(AD7)+3,SECOND(AD7)) -> 0.24722222 | AD7: =(IF(AND(D!$EY182<180),D!$FG182+(D!$EY182/15-12),0))/24 -> 0.24514384 | AE7: =(IF(AND(D!$ER182<180),D!$FG182+(D!$ER182/15-12),0))/24 -> 0.17439577 | AF7: =(IF(AND(D!$ET182<180),D!$FG182+(D!$ET182/15-12),0))/24 -> 0.13956883 | AG7: =D!FG182/24 -> 0.50015741 | AH7: =(AK7+(D!FK182/2)) -> 0.47122814 | AI7: =(IF(AND(D!$EW182<180),D!$FG182-(D!$EW182/15),0))/24 -> 0.26271204 | AJ7: =(IF(AND(D!$EY182<180),D!$FG182-(D!$EY182/15),0))/24 -> 0.25517097 | AK7: =(IF(AND(D!$FC182<180),D!$FG182-(D!$FE182/15),0))/24 -> 0.19731244 | AL7: =TIME(HOUR(AK7),MINUTE(AK7)-10,MINUTE(AK7)) -> 0.19078704 | AM7: 3 | AN7: =(IF(AND(D!FZ182<180),D!GD182+(D!GB182/15-12),0))/24 -> 0.33448363 | AO7: =(IF(AND(D!FX182<180),D!GD182+(D!FX182/15-12),0))/24 -> 0.31298023 | AP7: =TIME(HOUR(AQ7),MINUTE(AQ7)+3,SECOND(AQ7)) -> 0.27640046 | AQ7: =(IF(AND(D!$FU182<180),D!$GD182+(D!$FU182/15-12),0))/24 -> 0.27431273 | AR7: =(IF(AND(D!$FN182<180),D!$GD182+(D!$FN182/15-12),0))/24 -> 0.19812877 | AS7: =(IF(AND(D!$FP182<180),D!$GD182+(D!$FP182/15-12),0))/24 -> 0.15767123 | AT7: =D!GD182/24 -> 0.50736574 | AU7: =(AX7+(D!GG182/2)) -> 0.47728029 | AV7: =(IF(AND(D!$FS182<180),D!$GD182-(D!$FS182/15),0))/24 -> 0.24801773 | AW7: =(IF(AND(D!$FU182<180),D!$GD182-(D!$FU182/15),0))/24 -> 0.24041875 | AX7: =(IF(AND(D!$FZ182<180),D!$GD182-(D!$GB182/15),0))/24 -> 0.18024785 | AY7: =TIME(HOUR(AX7),MINUTE(AX7)-10,MINUTE(AX7)) -> 0.17313657 | AZ7: 3 | BA7: =(IF(AND(D!FC140<180),D!FG140+(D!FE140/15-12),0))/24 -> 0.36571129 | BB7: =(IF(AND(D!FA140<180),D!FG140+(D!FA140/15-12),0))/24 -> 0.3413736 | BC7: =TIME(HOUR(BD7),MINUTE(BD7)+3,SECOND(BD7)) -> 0.3015162 | BD7: =(IF(AND(D!$EY140<180),D!$FG140+(D!$EY140/15-12),0))/24 -> 0.29943777 | BE7: =(IF(AND(D!$ER140<180),D!$FG140+(D!$ER140/15-12),0))/24 -> 0.21510279 | BF7: =(IF(AND(D!$ET140<180),D!$FG140+D!$ET140/15-12,0))/24 -> 0.16790599 | BG7: =D!FG140/24 -> 0.51215741 | BH7: =(BK7+(D!FK140/2)) -> 0.47902065 | BI7: =(IF(AND(D!$EW140<180),D!$FG140-(D!$EW140/15),0))/24 -> 0.23292163 | BJ7: =(IF(AND(D!$EY140<180),D!$FG140-(D!$EY140/15),0))/24 -> 0.22487705 | BK7: =(IF(AND(D!$FC140<180),D!$FG140-(D!$FE140/15),0))/24 -> 0.15860353 | BL7: =TIME(HOUR(BK7),MINUTE(BK7)-10,MINUTE(BK7)) -> 0.15194444 | BM7: 3 | BN7: =(IF(AND(D!FZ140<180),D!GD140+(D!GB140/15-12),0))/24 -> 0.38310265 | BO7: =(IF(AND(D!FX140<180),D!GD140+(D!FX140/15-12),0))/24 -> 0.3558159 | BP7: =TIME(HOUR(BQ7),MINUTE(BQ7)+3,SECOND(BQ7)) -> 0.31271991 | BQ7: =(IF(AND(D!$FU140<180),D!$GD140+(D!$FU140/15-12),0))/24 -> 0.3106353 | BR7: =(IF(AND(D!$FN140<180),D!$GD140+(D!$FN140/15-12),0))/24 -> 0.21981829 | BS7: =(IF(AND(D!$FP140<180),D!$GD140+(D!$FP140/15-12),0))/24 -> 0.16774469 | BT7: =D!GD140/24 -> 0.51086574 | BU7: =(BX7+(D!GG140/2)) -> 0.47463207 | BV7: =(IF(AND(D!$FS140<180),D!$GD140-(D!$FS140/15),0))/24 -> 0.21959519 | BW7: =(IF(AND(D!$FU140<180),D!$GD140-(D!$FU140/15),0))/24 -> 0.21109618 | BX7: =(IF(AND(D!$FZ140<180),D!$GD140-(D!$GB140/15),0))/24 -> 0.13862883 | BY7: =TIME(HOUR(BX7),MINUTE(BX7)-10,MINUTE(BX7)) -> 0.13146991 | BZ7: 3 | CA7: =(IF(AND(D!FC99<180),D!FG99+D!FE99/15-12,0))/24 -> 0.37677106 | CB7: =(IF(AND(D!FA99<180),D!FG99+D!FA99/15-12,0))/24 -> 0.34985467 | CC7: =TIME(HOUR(CD7),MINUTE(CD7)+3,SECOND(CD7)) -> 0.30715278 | CD7: =(IF(AND(D!$EY99<180),D!$FG99+(D!$EY99/15-12),0))/24 -> 0.30506647 | CE7: =(IF(AND(D!$ER99<180),D!$FG99+(D!$ER99/15-12),0))/24 -> 0.21498469 | CF7: =(IF(AND(D!$ET99<180),D!$FG99+(D!$ET99/15-12),0))/24 -> 0.163451 | CG7: =D!FG99/24 -> 0.50661574 | CH7: =(CK7+(D!FK99/2)) -> 0.47076344 | CI7: =(IF(AND(D!$EW99<180),D!$FG99-(D!$EW99/15),0))/24 -> 0.21660962 | CJ7: =(IF(AND(D!$EY99<180),D!$FG99-(D!$EY99/15),0))/24 -> 0.20816501 | CK7: =(IF(AND(D!$FC99<180),D!$FG99-(D!$FE99/15),0))/24 -> 0.13646042 | CL7: =TIME(HOUR(CK7),MINUTE(CK7)-10,MINUTE(CK7)) -> 0.12935185 | CM7: 3 | CN7: =(IF(AND(D!FZ99<180),D!GD99+(D!GB99/15-12),0))/24 -> 0.35449304 | CO7: =(IF(AND(D!FX99<180),D!GD99+(D!FX99/15-12),0))/24 -> 0.33077284 | CP7: =TIME(HOUR(CQ7),MINUTE(CQ7)+3,SECOND(CQ7)) -> 0.29163194 | CQ7: =(IF(AND(D!$FU99<180),D!$GD99+(D!$FU99/15-12),0))/24 -> 0.28954669 | CR7: =(IF(AND(D!$FN99<180),D!$GD99+(D!$FN99/15-12),0))/24 -> 0.20678146 | CS7: =(IF(AND(D!$FP99<180),D!$GD99+(D!$FP99/15-12),0))/24 -> 0.16081415 | CT7: =D!GD99/24 -> 0.50565741 | CU7: =(CX7+(D!GG99/2)) -> 0.47920702 | CV7: =(IF(AND(D!$FS99<180),D!$GD99-(D!$FS99/15),0))/24 -> 0.22971284 | CW7: =(IF(AND(D!$FU99<180),D!$GD99-(D!$FU99/15),0))/24 -> 0.22176812 | CX7: =(IF(AND(D!$FZ99<180),D!$GD99-(D!$FZ99/15),0))/24 -> 0.16886734 | CY7: =TIME(HOUR(CX7),MINUTE(CX7)-10,MINUTE(CX7)) -> 0.16184028 | CZ7: 3 | DA7: =(IF(AND(D!FC53<180),D!FG53+(D!FC53/15-12),0))/24 -> 0.32212501 | DB7: =(IF(AND(D!FA53<180),D!FG53+(D!FA53/15-12),0))/24 -> 0.31160617 | DC7: =TIME(HOUR(DD7),MINUTE(DD7)+3,SECOND(DD7)) -> 0.27538194 | DD7: =(IF(AND(D!$EY53<180),D!$FG53+(D!$EY53/15-12),0))/24 -> 0.27329315 | DE7: =(IF(AND(D!$ER53<180),D!$FG53+(D!$ER53/15-12),0))/24 -> 0.19827354 | DF7: =(IF(AND(D!$ET53<180),D!$FG53+(D!$ET53/15-12),0))/24 -> 0.15888716 | DG7: =D!FG53/24 -> 0.51007407 | DH7: =(DK7+(D!FK53/2)) -> 0.48032809 | DI7: =(IF(AND(D!$EW53<180),D!$FG53-(D!$EW53/15),0))/24 -> 0.25441271 | DJ7: =(IF(AND(D!$EY53<180),D!$FG53-(D!$EY53/15),0))/24 -> 0.246855 | DK7: =(IF(AND(D!$FC53<180),D!$FG53-(D!$FE53/15),0))/24 -> 0.18736303 | DL7: =TIME(HOUR(DK7),MINUTE(DK7)-10,MINUTE(DK7)) -> 0.18019676 | DM7: 3 | DN7: =(IF(AND(D!FZ53<180),D!GD53+D!GB53/15-12,0))/24 -> 0.31482149 | DO7: =(IF(AND(D!FX53<180),D!GD53+D!FX53/15-12,0))/24 -> 0.29380783 | DP7: =TIME(HOUR(DQ7),MINUTE(DQ7)+3,SECOND(DQ7)) -> 0.25822917 | DQ7: =(IF(AND(D!$EY53<180),D!GD53+(D!FU53/15-12),0))/24 -> 0.25614436 | DR7: =(IF(AND(D!$FN53<180),D!GD53+(D!FN53/15-12),0))/24 -> 0.18616159 | DS7: =(IF(AND(D!$FP53<180),D!GD53+(D!FP53/15-12),0))/24 -> 0.15238246 | DT7: =D!GD53/24 -> 0.51603241 | DU7: =(DX7+(D!GG53/2)) -> 0.48669384 | DV7: =(IF(AND(D!FS53<180),D!GD53-(D!FS53/15),0))/24 -> 0.2835098 | DW7: =(IF(AND(D!FU53<180),D!GD53-(D!FU53/15),0))/24 -> 0.27592045 | DX7: =(IF(AND(D!$FC53<180),D!GD53-(D!GB53/15),0))/24 -> 0.21724332 | DY7: =TIME(HOUR(DX7),MINUTE(DX7)-10,MINUTE(DX7)) -> 0.20986111 | DZ7: 3 | EA7: =(IF(AND(D!$FC8<180),D!$FG8+D!$FE8/15-12,0))/24 -> 0.29751918 | EB7: =(IF(AND(D!$FA8<180),D!$FG8+D!$FA8/15-12,0))/24 -> 0.27702855 | EC7: =TIME(HOUR(ED7),MINUTE(ED7)+3,SECOND(ED7)) -> 0.24008102 | ED7: =(IF(AND(D!$EY8<180),D!FG8+(D!EY8/15-12),0))/24 -> 0.23799902 | EE7: =(IF(AND(D!$ER8<180),D!FG8+(D!ER8/15-12),0))/24 -> 0.1697324 | EF7: =(IF(AND(D!$ET8<180),D!FG8+(D!ET8/15-12),0))/24 -> 0.13960151 | EG7: =D!FG8/24 -> 0.51736574 | EH7: =(EK7+(D!FK8/2)) -> 0.48760566 | EI7: =(IF(AND(D!EW8<180),D!FG8-(D!EW8/15),0))/24 -> 0.30473949 | EJ7: =(IF(AND(D!EY8<180),D!FG8-(D!EY8/15),0))/24 -> 0.29673247 | EK7: =(IF(AND(D!$FC8<180),D!$FG8-(D!$FE8/15),0))/24 -> 0.2372123 | EL7: =TIME(HOUR(EK7),MINUTE(EK7)-10,MINUTE(EK7)) -> 0.23033565 | EM7: 3 | EN7: =(IF(AND(D!FZ8<180),D!GD8+(D!GB8/15-12),0))/24 -> 0.27984157 | EO7: =(IF(AND(D!$FX8<180),D!$GD8+(D!$FX8/15-12),0))/24 -> 0.25866286 | EP7: =TIME(HOUR(EQ7),MINUTE(EQ7)+3,SECOND(EQ7)) -> 0.21980324 | EQ7: =(IF(AND(D!$FU8<180),D!$GD8+(D!$FU8/15-12),0))/24 -> 0.217716 | ER7: =(IF(AND(D!$FN8<180),D!$GD8+(D!$FN8/15-12),0))/24 -> 0.14964489 | ES7: =(IF(AND(D!$FP8<180),D!$GD8+(D!$FP8/15-12),0))/24 -> 0.12175478 | ET7: =D!GD8/24 -> 0.51086574 | EU7: =(EX7+(D!GG8/2)) -> 0.47980296 | EV7: =(IF(AND(D!$FS8<180),D!$GD8-(D!$FS8/15),0))/24 -> 0.31253761 | EW7: =(IF(AND(D!$FU8<180),D!$GD8-(D!$FU8/15),0))/24 -> 0.30401548 | EX7: =(IF(AND(D!$FZ8<180),D!$GD8-(D!$GB8/15),0))/24 -> 0.24188991 | EY7: =TIME(HOUR(EX7),MINUTE(EX7)-5,MINUTE(EX7)) -> 0.23875 | EZ7: 3
A8: =(IF(AND(D!FC225<180),D!FG225+(D!FE225/15-12),0))/24 -> 0.27088812 | B8: =(IF(AND(D!FA225<180),D!FG225+(D!FA225/15-12),0))/24 -> 0.24978221 | C8: =TIME(HOUR(D8),MINUTE(D8)+3,SECOND(D8)) -> 0.21111111 | D8: =(IF(AND(D!$EY225<180),D!$FG225+(D!$EY225/15-12),0))/24 -> 0.20902978 | E8: =(IF(AND(D!$ER225<180),D!$FG225+(D!$ER225/15-12),0))/24 -> 0.14096673 | F8: =(IF(AND(D!$ET225<180),D!$FG225+(D!$ET225/15-12),0))/24 -> 0.11288961 | G8: =D!FG225/24 -> 0.50099074 | H8: =(K8+(D!FK225/2)) -> 0.47006157 | I8: =(IF(AND(D!$EW225<180),D!$FG225-(D!$EW225/15),0))/24 -> 0.30142213 | J8: =(IF(AND(D!$EY225<180),D!$FG225-(D!$EY225/15),0))/24 -> 0.29295171 | K8: =(IF(AND(D!$FC225<180),D!$FG225-(D!$FE225/15),0))/24 -> 0.23109336 | L8: =TIME(HOUR(K8),MINUTE(K8)-5,MINUTE(K8)) -> 0.2274537 | M8: 4 | N8: =(IF(AND(D!FZ225<180),D!GD225+(D!GB225/15-12),0))/24 -> 0.27831165 | O8: =(IF(AND(D!FX225<180),D!GD225+(D!FX225/15-12),0))/24 -> 0.25789174 | P8: =TIME(HOUR(Q8),MINUTE(Q8)+3,SECOND(Q8)) -> 0.22116898 | Q8: =(IF(AND(D!$FU225<180),D!$GD225+(D!$FU225/15-12),0))/24 -> 0.21908148 | R8: =(IF(AND(D!$FN225<180),D!$GD225+(D!$FN225/15-12),0))/24 -> 0.1507237 | S8: =(IF(AND(D!$FP225<180),D!$GD225+(D!$FP225/15-12),0))/24 -> 0.12024287 | T8: =D!GD225/24 -> 0.49640741 | U8: =(X8+(D!GG225/2)) -> 0.46679233 | V8: =(IF(AND(D!$FS225<180),D!$GD225-(D!$FS225/15),0))/24 -> 0.28167965 | W8: =(IF(AND(D!$FU225<180),D!$GD225-(D!$FU225/15),0))/24 -> 0.27373333 | X8: =(IF(AND(D!$FZ225<180),D!$GD225-(D!$GB225/15),0))/24 -> 0.21450317 | Y8: =TIME(HOUR(X8),MINUTE(X8)-5,MINUTE(X8)) -> 0.21050926 | Z8: 4 | AA8: =(IF(AND(D!FC183<180),D!FG183+(D!FE183/15-12),0))/24 -> 0.30205008 | AB8: =(IF(AND(D!FA183<180),D!FG183+(D!FA183/15-12),0))/24 -> 0.28179354 | AC8: =TIME(HOUR(AD8),MINUTE(AD8)+3,SECOND(AD8)) -> 0.24628472 | AD8: =(IF(AND(D!$EY183<180),D!$FG183+(D!$EY183/15-12),0))/24 -> 0.24420238 | AE8: =(IF(AND(D!$ER183<180),D!$FG183+(D!$ER183/15-12),0))/24 -> 0.17357899 | AF8: =(IF(AND(D!$ET183<180),D!$FG183+(D!$ET183/15-12),0))/24 -> 0.13891379 | AG8: =D!FG183/24 -> 0.49994907 | AH8: =(AK8+(D!FK183/2)) -> 0.47102522 | AI8: =(IF(AND(D!$EW183<180),D!$FG183-(D!$EW183/15),0))/24 -> 0.26324267 | AJ8: =(IF(AND(D!$EY183<180),D!$FG183-(D!$EY183/15),0))/24 -> 0.25569577 | AK8: =(IF(AND(D!$FC183<180),D!$FG183-(D!$FE183/15),0))/24 -> 0.19784807 | AL8: =TIME(HOUR(AK8),MINUTE(AK8)-10,MINUTE(AK8)) -> 0.19078704 | AM8: 4 | AN8: =(IF(AND(D!FZ183<180),D!GD183+(D!GB183/15-12),0))/24 -> 0.33342029 | AO8: =(IF(AND(D!FX183<180),D!GD183+(D!FX183/15-12),0))/24 -> 0.3119832 | AP8: =TIME(HOUR(AQ8),MINUTE(AQ8)+3,SECOND(AQ8)) -> 0.27547454 | AQ8: =(IF(AND(D!$FU183<180),D!$GD183+(D!$FU183/15-12),0))/24 -> 0.27338931 | AR8: =(IF(AND(D!$FN183<180),D!$GD183+(D!$FN183/15-12),0))/24 -> 0.19743659 | AS8: =(IF(AND(D!$FP183<180),D!$GD183+(D!$FP183/15-12),0))/24 -> 0.1571884 | AT8: =D!GD183/24 -> 0.50715741 | AU8: =(AX8+(D!GG183/2)) -> 0.47714192 | AV8: =(IF(AND(D!$FS183<180),D!$GD183-(D!$FS183/15),0))/24 -> 0.24851558 | AW8: =(IF(AND(D!$FU183<180),D!$GD183-(D!$FU183/15),0))/24 -> 0.2409255 | AX8: =(IF(AND(D!$FZ183<180),D!$GD183-(D!$GB183/15),0))/24 -> 0.18089452 | AY8: =TIME(HOUR(AX8),MINUTE(AX8)-10,MINUTE(AX8)) -> 0.17384259 | AZ8: 4 | BA8: =(IF(AND(D!FC141<180),D!FG141+(D!FE141/15-12),0))/24 -> 0.36486327 | BB8: =(IF(AND(D!FA141<180),D!FG141+(D!FA141/15-12),0))/24 -> 0.34063462 | BC8: =TIME(HOUR(BD8),MINUTE(BD8)+3,SECOND(BD8)) -> 0.30090278 | BD8: =(IF(AND(D!$EY141<180),D!$FG141+(D!$EY141/15-12),0))/24 -> 0.29882351 | BE8: =(IF(AND(D!$ER141<180),D!$FG141+(D!$ER141/15-12),0))/24 -> 0.2147594 | BF8: =(IF(AND(D!$ET141<180),D!$FG141+D!$ET141/15-12,0))/24 -> 0.16777312 | BG8: =D!FG141/24 -> 0.51211574 | BH8: =(BK8+(D!FK141/2)) -> 0.47909586 | BI8: =(IF(AND(D!$EW141<180),D!$FG141-(D!$EW141/15),0))/24 -> 0.23343498 | BJ8: =(IF(AND(D!$EY141<180),D!$FG141-(D!$EY141/15),0))/24 -> 0.22540798 | BK8: =(IF(AND(D!$FC141<180),D!$FG141-(D!$FE141/15),0))/24 -> 0.15936821 | BL8: =TIME(HOUR(BK8),MINUTE(BK8)-10,MINUTE(BK8)) -> 0.15265046 | BM8: 4 | BN8: =(IF(AND(D!FZ141<180),D!GD141+(D!GB141/15-12),0))/24 -> 0.38290028 | BO8: =(IF(AND(D!FX141<180),D!GD141+(D!FX141/15-12),0))/24 -> 0.35567251 | BP8: =TIME(HOUR(BQ8),MINUTE(BQ8)+3,SECOND(BQ8)) -> 0.31263889 | BQ8: =(IF(AND(D!$FU141<180),D!$GD141+(D!$FU141/15-12),0))/24 -> 0.31055408 | BR8: =(IF(AND(D!$FN141<180),D!$GD141+(D!$FN141/15-12),0))/24 -> 0.2198528 | BS8: =(IF(AND(D!$FP141<180),D!$GD141+(D!$FP141/15-12),0))/24 -> 0.167864 | BT8: =D!GD141/24 -> 0.51099074 | BU8: =(BX8+(D!GG141/2)) -> 0.47481764 | BV8: =(IF(AND(D!$FS141<180),D!$GD141-(D!$FS141/15),0))/24 -> 0.2199178 | BW8: =(IF(AND(D!$FU141<180),D!$GD141-(D!$FU141/15),0))/24 -> 0.2114274 | BX8: =(IF(AND(D!$FZ141<180),D!$GD141-(D!$GB141/15),0))/24 -> 0.1390812 | BY8: =TIME(HOUR(BX8),MINUTE(BX8)-10,MINUTE(BX8)) -> 0.13217593 | BZ8: 4 | CA8: =(IF(AND(D!FC100<180),D!FG100+D!FE100/15-12,0))/24 -> 0.37732752 | CB8: =(IF(AND(D!FA100<180),D!FG100+D!FA100/15-12,0))/24 -> 0.35033526 | CC8: =TIME(HOUR(CD8),MINUTE(CD8)+3,SECOND(CD8)) -> 0.3075463 | CD8: =(IF(AND(D!$EY100<180),D!$FG100+(D!$EY100/15-12),0))/24 -> 0.30546631 | CE8: =(IF(AND(D!$ER100<180),D!$FG100+(D!$ER100/15-12),0))/24 -> 0.21523227 | CF8: =(IF(AND(D!$ET100<180),D!$FG100+(D!$ET100/15-12),0))/24 -> 0.16358654 | CG8: =D!FG100/24 -> 0.50674074 | CH8: =(CK8+(D!FK100/2)) -> 0.47081014 | CI8: =(IF(AND(D!$EW100<180),D!$FG100-(D!$EW100/15),0))/24 -> 0.21647099 | CJ8: =(IF(AND(D!$EY100<180),D!$FG100-(D!$EY100/15),0))/24 -> 0.20801517 | CK8: =(IF(AND(D!$FC100<180),D!$FG100-(D!$FE100/15),0))/24 -> 0.13615396 | CL8: =TIME(HOUR(CK8),MINUTE(CK8)-10,MINUTE(CK8)) -> 0.12935185 | CM8: 4 | CN8: =(IF(AND(D!FZ100<180),D!GD100+(D!GB100/15-12),0))/24 -> 0.35529422 | CO8: =(IF(AND(D!FX100<180),D!GD100+(D!FX100/15-12),0))/24 -> 0.33146734 | CP8: =TIME(HOUR(CQ8),MINUTE(CQ8)+3,SECOND(CQ8)) -> 0.29219907 | CQ8: =(IF(AND(D!$FU100<180),D!$GD100+(D!$FU100/15-12),0))/24 -> 0.29011802 | CR8: =(IF(AND(D!$FN100<180),D!$GD100+(D!$FN100/15-12),0))/24 -> 0.20707518 | CS8: =(IF(AND(D!$FP100<180),D!$GD100+(D!$FP100/15-12),0))/24 -> 0.16088871 | CT8: =D!GD100/24 -> 0.50561574 | CU8: =(CX8+(D!GG100/2)) -> 0.47907964 | CV8: =(IF(AND(D!$FS100<180),D!$GD100-(D!$FS100/15),0))/24 -> 0.22907549 | CW8: =(IF(AND(D!$FU100<180),D!$GD100-(D!$FU100/15),0))/24 -> 0.22111346 | CX8: =(IF(AND(D!$FZ100<180),D!$GD100-(D!$FZ100/15),0))/24 -> 0.16804125 | CY8: =TIME(HOUR(CX8),MINUTE(CX8)-10,MINUTE(CX8)) -> 0.16042824 | CZ8: 4 | DA8: =(IF(AND(D!FC54<180),D!FG54+(D!FC54/15-12),0))/24 -> 0.32274406 | DB8: =(IF(AND(D!FA54<180),D!FG54+(D!FA54/15-12),0))/24 -> 0.31219803 | DC8: =TIME(HOUR(DD8),MINUTE(DD8)+3,SECOND(DD8)) -> 0.27590278 | DD8: =(IF(AND(D!$EY54<180),D!$FG54+(D!$EY54/15-12),0))/24 -> 0.27382075 | DE8: =(IF(AND(D!$ER54<180),D!$FG54+(D!$ER54/15-12),0))/24 -> 0.19857934 | DF8: =(IF(AND(D!$ET54<180),D!$FG54+(D!$ET54/15-12),0))/24 -> 0.15898544 | DG8: =D!FG54/24 -> 0.50986574 | DH8: =(DK8+(D!FK54/2)) -> 0.48005765 | DI8: =(IF(AND(D!$EW54<180),D!$FG54-(D!$EW54/15),0))/24 -> 0.25347558 | DJ8: =(IF(AND(D!$EY54<180),D!$FG54-(D!$EY54/15),0))/24 -> 0.24591073 | DK8: =(IF(AND(D!$FC54<180),D!$FG54-(D!$FE54/15),0))/24 -> 0.18629456 | DL8: =TIME(HOUR(DK8),MINUTE(DK8)-10,MINUTE(DK8)) -> 0.17949074 | DM8: 4 | DN8: =(IF(AND(D!FZ54<180),D!GD54+D!GB54/15-12,0))/24 -> 0.31540883 | DO8: =(IF(AND(D!FX54<180),D!GD54+D!FX54/15-12,0))/24 -> 0.29440269 | DP8: =TIME(HOUR(DQ8),MINUTE(DQ8)+3,SECOND(DQ8)) -> 0.25884259 | DQ8: =(IF(AND(D!$EY54<180),D!GD54+(D!FU54/15-12),0))/24 -> 0.25675793 | DR8: =(IF(AND(D!$FN54<180),D!GD54+(D!FN54/15-12),0))/24 -> 0.1866687 | DS8: =(IF(AND(D!$FP54<180),D!GD54+(D!FP54/15-12),0))/24 -> 0.1527349 | DT8: =D!GD54/24 -> 0.51590741 | DU8: =(DX8+(D!GG54/2)) -> 0.48658196 | DV8: =(IF(AND(D!FS54<180),D!GD54-(D!FS54/15),0))/24 -> 0.28263748 | DW8: =(IF(AND(D!FU54<180),D!GD54-(D!FU54/15),0))/24 -> 0.27505689 | DX8: =(IF(AND(D!$FC54<180),D!GD54-(D!GB54/15),0))/24 -> 0.21640599 | DY8: =TIME(HOUR(DX8),MINUTE(DX8)-10,MINUTE(DX8)) -> 0.20915509 | DZ8: 4 | EA8: =(IF(AND(D!$FC9<180),D!$FG9+D!$FE9/15-12,0))/24 -> 0.29808945 | EB8: =(IF(AND(D!$FA9<180),D!$FG9+D!$FA9/15-12,0))/24 -> 0.27762119 | EC8: =TIME(HOUR(ED8),MINUTE(ED8)+3,SECOND(ED8)) -> 0.24074074 | ED8: =(IF(AND(D!$EY9<180),D!FG9+(D!EY9/15-12),0))/24 -> 0.23866002 | EE8: =(IF(AND(D!$ER9<180),D!FG9+(D!ER9/15-12),0))/24 -> 0.17036765 | EF8: =(IF(AND(D!$ET9<180),D!FG9+(D!ET9/15-12),0))/24 -> 0.14013119 | EG8: =D!FG9/24 -> 0.51740741 | EH8: =(EK8+(D!FK9/2)) -> 0.48769269 | EI8: =(IF(AND(D!EW9<180),D!FG9-(D!EW9/15),0))/24 -> 0.30414298 | EJ8: =(IF(AND(D!EY9<180),D!FG9-(D!EY9/15),0))/24 -> 0.2961548 | EK8: =(IF(AND(D!$FC9<180),D!$FG9-(D!$FE9/15),0))/24 -> 0.23672536 | EL8: =TIME(HOUR(EK8),MINUTE(EK8)-10,MINUTE(EK8)) -> 0.22962963 | EM8: 4 | EN8: =(IF(AND(D!FZ9<180),D!GD9+(D!GB9/15-12),0))/24 -> 0.2803155 | EO8: =(IF(AND(D!$FX9<180),D!$GD9+(D!$FX9/15-12),0))/24 -> 0.25915143 | EP8: =TIME(HOUR(EQ8),MINUTE(EQ8)+3,SECOND(EQ8)) -> 0.22032407 | EQ8: =(IF(AND(D!$FU9<180),D!$GD9+(D!$FU9/15-12),0))/24 -> 0.21824357 | ER8: =(IF(AND(D!$FN9<180),D!$GD9+(D!$FN9/15-12),0))/24 -> 0.15017438 | ES8: =(IF(AND(D!$FP9<180),D!$GD9+(D!$FP9/15-12),0))/24 -> 0.12224723 | ET8: =D!GD9/24 -> 0.51115741 | EU8: =(EX8+(D!GG9/2)) -> 0.48012145 | EV8: =(IF(AND(D!$FS9<180),D!$GD9-(D!$FS9/15),0))/24 -> 0.312583 | EW8: =(IF(AND(D!$FU9<180),D!$GD9-(D!$FU9/15),0))/24 -> 0.30407124 | EX8: =(IF(AND(D!$FZ9<180),D!$GD9-(D!$GB9/15),0))/24 -> 0.24199932 | EY8: =TIME(HOUR(EX8),MINUTE(EX8)-5,MINUTE(EX8)) -> 0.23875 | EZ8: 4
A9: =(IF(AND(D!FC226<180),D!FG226+(D!FE226/15-12),0))/24 -> 0.27095346 | B9: =(IF(AND(D!FA226<180),D!FG226+(D!FA226/15-12),0))/24 -> 0.24982995 | C9: =TIME(HOUR(D9),MINUTE(D9)+3,SECOND(D9)) -> 0.21111111 | D9: =(IF(AND(D!$EY226<180),D!$FG226+(D!$EY226/15-12),0))/24 -> 0.20903041 | E9: =(IF(AND(D!$ER226<180),D!$FG226+(D!$ER226/15-12),0))/24 -> 0.14096577 | F9: =(IF(AND(D!$ET226<180),D!$FG226+(D!$ET226/15-12),0))/24 -> 0.11293451 | G9: =D!FG226/24 -> 0.50128241 | H9: =(K9+(D!FK226/2)) -> 0.47032088 | I9: =(IF(AND(D!$EW226<180),D!$FG226-(D!$EW226/15),0))/24 -> 0.30201736 | J9: =(IF(AND(D!$EY226<180),D!$FG226-(D!$EY226/15),0))/24 -> 0.2935344 | K9: =(IF(AND(D!$FC226<180),D!$FG226-(D!$FE226/15),0))/24 -> 0.23161135 | L9: =TIME(HOUR(K9),MINUTE(K9)-5,MINUTE(K9)) -> 0.22815972 | M9: 5 | N9: =(IF(AND(D!FZ226<180),D!GD226+(D!GB226/15-12),0))/24 -> 0.27777128 | O9: =(IF(AND(D!FX226<180),D!GD226+(D!FX226/15-12),0))/24 -> 0.25733057 | P9: =TIME(HOUR(Q9),MINUTE(Q9)+3,SECOND(Q9)) -> 0.22053241 | Q9: =(IF(AND(D!$FU226<180),D!$GD226+(D!$FU226/15-12),0))/24 -> 0.21845481 | R9: =(IF(AND(D!$FN226<180),D!$GD226+(D!$FN226/15-12),0))/24 -> 0.15012697 | S9: =(IF(AND(D!$FP226<180),D!$GD226+(D!$FP226/15-12),0))/24 -> 0.11975423 | T9: =D!GD226/24 -> 0.49640741 | U9: =(X9+(D!GG226/2)) -> 0.46674917 | V9: =(IF(AND(D!$FS226<180),D!$GD226-(D!$FS226/15),0))/24 -> 0.28232454 | W9: =(IF(AND(D!$FU226<180),D!$GD226-(D!$FU226/15),0))/24 -> 0.27436 | X9: =(IF(AND(D!$FZ226<180),D!$GD226-(D!$GB226/15),0))/24 -> 0.21504354 | Y9: =TIME(HOUR(X9),MINUTE(X9)-5,MINUTE(X9)) -> 0.21121528 | Z9: 5 | AA9: =(IF(AND(D!FC184<180),D!FG184+(D!FE184/15-12),0))/24 -> 0.30110103 | AB9: =(IF(AND(D!FA184<180),D!FG184+(D!FA184/15-12),0))/24 -> 0.28085831 | AC9: =TIME(HOUR(AD9),MINUTE(AD9)+3,SECOND(AD9)) -> 0.24534722 | AD9: =(IF(AND(D!$EY184<180),D!$FG184+(D!$EY184/15-12),0))/24 -> 0.24326015 | AE9: =(IF(AND(D!$ER184<180),D!$FG184+(D!$ER184/15-12),0))/24 -> 0.17275812 | AF9: =(IF(AND(D!$ET184<180),D!$FG184+(D!$ET184/15-12),0))/24 -> 0.13825333 | AG9: =D!FG184/24 -> 0.49974074 | AH9: =(AK9+(D!FK184/2)) -> 0.4708203 | AI9: =(IF(AND(D!$EW184<180),D!$FG184-(D!$EW184/15),0))/24 -> 0.26377458 | AJ9: =(IF(AND(D!$EY184<180),D!$FG184-(D!$EY184/15),0))/24 -> 0.25622133 | AK9: =(IF(AND(D!$FC184<180),D!$FG184-(D!$FE184/15),0))/24 -> 0.19838045 | AL9: =TIME(HOUR(AK9),MINUTE(AK9)-10,MINUTE(AK9)) -> 0.19149306 | AM9: 5 | AN9: =(IF(AND(D!FZ184<180),D!GD184+(D!GB184/15-12),0))/24 -> 0.3323172 | AO9: =(IF(AND(D!FX184<180),D!GD184+(D!FX184/15-12),0))/24 -> 0.31094466 | AP9: =TIME(HOUR(AQ9),MINUTE(AQ9)+3,SECOND(AQ9)) -> 0.27450231 | AQ9: =(IF(AND(D!$FU184<180),D!$GD184+(D!$FU184/15-12),0))/24 -> 0.27242193 | AR9: =(IF(AND(D!$FN184<180),D!$GD184+(D!$FN184/15-12),0))/24 -> 0.19669742 | AS9: =(IF(AND(D!$FP184<180),D!$GD184+(D!$FP184/15-12),0))/24 -> 0.15665738 | AT9: =D!GD184/24 -> 0.50690741 | AU9: =(AX9+(D!GG184/2)) -> 0.47695977 | AV9: =(IF(AND(D!$FS184<180),D!$GD184-(D!$FS184/15),0))/24 -> 0.2489745 | AW9: =(IF(AND(D!$FU184<180),D!$GD184-(D!$FU184/15),0))/24 -> 0.24139288 | AX9: =(IF(AND(D!$FZ184<180),D!$GD184-(D!$GB184/15),0))/24 -> 0.18149761 | AY9: =TIME(HOUR(AX9),MINUTE(AX9)-10,MINUTE(AX9)) -> 0.17454861 | AZ9: 5 | BA9: =(IF(AND(D!FC142<180),D!FG142+(D!FE142/15-12),0))/24 -> 0.36396865 | BB9: =(IF(AND(D!FA142<180),D!FG142+(D!FA142/15-12),0))/24 -> 0.33984823 | BC9: =TIME(HOUR(BD9),MINUTE(BD9)+3,SECOND(BD9)) -> 0.30024306 | BD9: =(IF(AND(D!$EY142<180),D!$FG142+(D!$EY142/15-12),0))/24 -> 0.2981612 | BE9: =(IF(AND(D!$ER142<180),D!$FG142+(D!$ER142/15-12),0))/24 -> 0.21436859 | BF9: =(IF(AND(D!$ET142<180),D!$FG142+D!$ET142/15-12,0))/24 -> 0.16759397 | BG9: =D!FG142/24 -> 0.51203241 | BH9: =(BK9+(D!FK142/2)) -> 0.47912868 | BI9: =(IF(AND(D!$EW142<180),D!$FG142-(D!$EW142/15),0))/24 -> 0.23391315 | BJ9: =(IF(AND(D!$EY142<180),D!$FG142-(D!$EY142/15),0))/24 -> 0.22590362 | BK9: =(IF(AND(D!$FC142<180),D!$FG142-(D!$FE142/15),0))/24 -> 0.16009616 | BL9: =TIME(HOUR(BK9),MINUTE(BK9)-10,MINUTE(BK9)) -> 0.15335648 | BM9: 5 | BN9: =(IF(AND(D!FZ142<180),D!GD142+(D!GB142/15-12),0))/24 -> 0.382673 | BO9: =(IF(AND(D!FX142<180),D!GD142+(D!FX142/15-12),0))/24 -> 0.35550839 | BP9: =TIME(HOUR(BQ9),MINUTE(BQ9)+3,SECOND(BQ9)) -> 0.31253472 | BQ9: =(IF(AND(D!$FU142<180),D!$GD142+(D!$FU142/15-12),0))/24 -> 0.31045668 | BR9: =(IF(AND(D!$FN142<180),D!$GD142+(D!$FN142/15-12),0))/24 -> 0.2198799 | BS9: =(IF(AND(D!$FP142<180),D!$GD142+(D!$FP142/15-12),0))/24 -> 0.16798239 | BT9: =D!GD142/24 -> 0.51111574 | BU9: =(BX9+(D!GG142/2)) -> 0.47500758 | BV9: =(IF(AND(D!$FS142<180),D!$GD142-(D!$FS142/15),0))/24 -> 0.22025596 | BW9: =(IF(AND(D!$FU142<180),D!$GD142-(D!$FU142/15),0))/24 -> 0.2117748 | BX9: =(IF(AND(D!$FZ142<180),D!$GD142-(D!$GB142/15),0))/24 -> 0.13955848 | BY9: =TIME(HOUR(BX9),MINUTE(BX9)-10,MINUTE(BX9)) -> 0.13217593 | BZ9: 5 | CA9: =(IF(AND(D!FC101<180),D!FG101+D!FE101/15-12,0))/24 -> 0.37786017 | CB9: =(IF(AND(D!FA101<180),D!FG101+D!FA101/15-12,0))/24 -> 0.35079581 | CC9: =TIME(HOUR(CD9),MINUTE(CD9)+3,SECOND(CD9)) -> 0.30792824 | CD9: =(IF(AND(D!$EY101<180),D!$FG101+(D!$EY101/15-12),0))/24 -> 0.30585028 | CE9: =(IF(AND(D!$ER101<180),D!$FG101+(D!$ER101/15-12),0))/24 -> 0.21547231 | CF9: =(IF(AND(D!$ET101<180),D!$FG101+(D!$ET101/15-12),0))/24 -> 0.16372078 | CG9: =D!FG101/24 -> 0.50686574 | CH9: =(CK9+(D!FK101/2)) -> 0.47086079 | CI9: =(IF(AND(D!$EW101<180),D!$FG101-(D!$EW101/15),0))/24 -> 0.21634765 | CJ9: =(IF(AND(D!$EY101<180),D!$FG101-(D!$EY101/15),0))/24 -> 0.20788121 | CK9: =(IF(AND(D!$FC101<180),D!$FG101-(D!$FE101/15),0))/24 -> 0.13587131 | CL9: =TIME(HOUR(CK9),MINUTE(CK9)-10,MINUTE(CK9)) -> 0.12864583 | CM9: 5 | CN9: =(IF(AND(D!FZ101<180),D!GD101+(D!GB101/15-12),0))/24 -> 0.3560467 | CO9: =(IF(AND(D!FX101<180),D!GD101+(D!FX101/15-12),0))/24 -> 0.33211247 | CP9: =TIME(HOUR(CQ9),MINUTE(CQ9)+3,SECOND(CQ9)) -> 0.29271991 | CQ9: =(IF(AND(D!$FU101<180),D!$GD101+(D!$FU101/15-12),0))/24 -> 0.29063944 | CR9: =(IF(AND(D!$FN101<180),D!$GD101+(D!$FN101/15-12),0))/24 -> 0.20732006 | CS9: =(IF(AND(D!$FP101<180),D!$GD101+(D!$FP101/15-12),0))/24 -> 0.16091603 | CT9: =D!GD101/24 -> 0.50553241 | CU9: =(CX9+(D!GG101/2)) -> 0.47891019 | CV9: =(IF(AND(D!$FS101<180),D!$GD101-(D!$FS101/15),0))/24 -> 0.22840479 | CW9: =(IF(AND(D!$FU101<180),D!$GD101-(D!$FU101/15),0))/24 -> 0.22042538 | CX9: =(IF(AND(D!$FZ101<180),D!$GD101-(D!$FZ101/15),0))/24 -> 0.16718093 | CY9: =TIME(HOUR(CX9),MINUTE(CX9)-10,MINUTE(CX9)) -> 0.15972222 | CZ9: 5 | DA9: =(IF(AND(D!FC55<180),D!FG55+(D!FC55/15-12),0))/24 -> 0.3233641 | DB9: =(IF(AND(D!FA55<180),D!FG55+(D!FA55/15-12),0))/24 -> 0.31279003 | DC9: =TIME(HOUR(DD9),MINUTE(DD9)+3,SECOND(DD9)) -> 0.27642361 | DD9: =(IF(AND(D!$EY55<180),D!$FG55+(D!$EY55/15-12),0))/24 -> 0.27434592 | DE9: =(IF(AND(D!$ER55<180),D!$FG55+(D!$ER55/15-12),0))/24 -> 0.1988795 | DF9: =(IF(AND(D!$ET55<180),D!$FG55+(D!$ET55/15-12),0))/24 -> 0.15907685 | DG9: =D!FG55/24 -> 0.50965741 | DH9: =(DK9+(D!FK55/2)) -> 0.47978504 | DI9: =(IF(AND(D!$EW55<180),D!$FG55-(D!$EW55/15),0))/24 -> 0.25254136 | DJ9: =(IF(AND(D!$EY55<180),D!$FG55-(D!$EY55/15),0))/24 -> 0.2449689 | DK9: =(IF(AND(D!$FC55<180),D!$FG55-(D!$FE55/15),0))/24 -> 0.18522416 | DL9: =TIME(HOUR(DK9),MINUTE(DK9)-10,MINUTE(DK9)) -> 0.1780787 | DM9: 5 | DN9: =(IF(AND(D!FZ55<180),D!GD55+D!GB55/15-12,0))/24 -> 0.31595763 | DO9: =(IF(AND(D!FX55<180),D!GD55+D!FX55/15-12,0))/24 -> 0.29495912 | DP9: =TIME(HOUR(DQ9),MINUTE(DQ9)+3,SECOND(DQ9)) -> 0.25940972 | DQ9: =(IF(AND(D!$EY55<180),D!GD55+(D!FU55/15-12),0))/24 -> 0.25733057 | DR9: =(IF(AND(D!$FN55<180),D!GD55+(D!FN55/15-12),0))/24 -> 0.18713144 | DS9: =(IF(AND(D!$FP55<180),D!GD55+(D!FP55/15-12),0))/24 -> 0.15304137 | DT9: =D!GD55/24 -> 0.51574074 | DU9: =(DX9+(D!GG55/2)) -> 0.48642721 | DV9: =(IF(AND(D!FS55<180),D!GD55-(D!FS55/15),0))/24 -> 0.28172325 | DW9: =(IF(AND(D!FU55<180),D!GD55-(D!FU55/15),0))/24 -> 0.27415091 | DX9: =(IF(AND(D!$FC55<180),D!GD55-(D!GB55/15),0))/24 -> 0.21552385 | DY9: =TIME(HOUR(DX9),MINUTE(DX9)-10,MINUTE(DX9)) -> 0.20844907 | DZ9: 5 | EA9: =(IF(AND(D!$FC10<180),D!$FG10+D!$FE10/15-12,0))/24 -> 0.29870895 | EB9: =(IF(AND(D!$FA10<180),D!$FG10+D!$FA10/15-12,0))/24 -> 0.27826248 | EC9: =TIME(HOUR(ED9),MINUTE(ED9)+3,SECOND(ED9)) -> 0.24144676 | ED9: =(IF(AND(D!$EY10<180),D!FG10+(D!EY10/15-12),0))/24 -> 0.23936873 | EE9: =(IF(AND(D!$ER10<180),D!FG10+(D!ER10/15-12),0))/24 -> 0.17104868 | EF9: =(IF(AND(D!$ET10<180),D!FG10+(D!ET10/15-12),0))/24 -> 0.14070506 | EG9: =D!FG10/24 -> 0.51749074 | EH9: =(EK9+(D!FK10/2)) -> 0.48782063 | EI9: =(IF(AND(D!EW10<180),D!FG10-(D!EW10/15),0))/24 -> 0.30358228 | EJ9: =(IF(AND(D!EY10<180),D!FG10-(D!EY10/15),0))/24 -> 0.29561275 | EK9: =(IF(AND(D!$FC10<180),D!$FG10-(D!$FE10/15),0))/24 -> 0.23627254 | EL9: =TIME(HOUR(EK9),MINUTE(EK9)-10,MINUTE(EK9)) -> 0.22962963 | EM9: 5 | EN9: =(IF(AND(D!FZ10<180),D!GD10+(D!GB10/15-12),0))/24 -> 0.28084344 | EO9: =(IF(AND(D!$FX10<180),D!$GD10+(D!$FX10/15-12),0))/24 -> 0.25969486 | EP9: =TIME(HOUR(EQ9),MINUTE(EQ9)+3,SECOND(EQ9)) -> 0.22091435 | EQ9: =(IF(AND(D!$FU10<180),D!$GD10+(D!$FU10/15-12),0))/24 -> 0.21882836 | ER9: =(IF(AND(D!$FN10<180),D!$GD10+(D!$FN10/15-12),0))/24 -> 0.15076104 | ES9: =(IF(AND(D!$FP10<180),D!$GD10+(D!$FP10/15-12),0))/24 -> 0.12279436 | ET9: =D!GD10/24 -> 0.51149074 | EU9: =(EX9+(D!GG10/2)) -> 0.4804832 | EV9: =(IF(AND(D!$FS10<180),D!$GD10-(D!$FS10/15),0))/24 -> 0.31265389 | EW9: =(IF(AND(D!$FU10<180),D!$GD10-(D!$FU10/15),0))/24 -> 0.30415313 | EX9: =(IF(AND(D!$FZ10<180),D!$GD10-(D!$GB10/15),0))/24 -> 0.24213804 | EY9: =TIME(HOUR(EX9),MINUTE(EX9)-5,MINUTE(EX9)) -> 0.23875 | EZ9: 5
A10: =(IF(AND(D!FC227<180),D!FG227+(D!FE227/15-12),0))/24 -> 0.2710329 | B10: =(IF(AND(D!FA227<180),D!FG227+(D!FA227/15-12),0))/24 -> 0.24989272 | C10: =TIME(HOUR(D10),MINUTE(D10)+3,SECOND(D10)) -> 0.21113426 | D10: =(IF(AND(D!$EY227<180),D!$FG227+(D!$EY227/15-12),0))/24 -> 0.20904863 | E10: =(IF(AND(D!$ER227<180),D!$FG227+(D!$ER227/15-12),0))/24 -> 0.14098226 | F10: =(IF(AND(D!$ET227<180),D!$FG227+(D!$ET227/15-12),0))/24 -> 0.11299405 | G10: =D!FG227/24 -> 0.50157407 | H10: =(K10+(D!FK227/2)) -> 0.47058194 | I10: =(IF(AND(D!$EW227<180),D!$FG227-(D!$EW227/15),0))/24 -> 0.30259432 | J10: =(IF(AND(D!$EY227<180),D!$FG227-(D!$EY227/15),0))/24 -> 0.29409951 | K10: =(IF(AND(D!$FC227<180),D!$FG227-(D!$FE227/15),0))/24 -> 0.23211524 | L10: =TIME(HOUR(K10),MINUTE(K10)-5,MINUTE(K10)) -> 0.22886574 | M10: 6 | N10: =(IF(AND(D!FZ227<180),D!GD227+(D!GB227/15-12),0))/24 -> 0.2772802 | O10: =(IF(AND(D!FX227<180),D!GD227+(D!FX227/15-12),0))/24 -> 0.25681809 | P10: =TIME(HOUR(Q10),MINUTE(Q10)+3,SECOND(Q10)) -> 0.2199537 | Q10: =(IF(AND(D!$FU227<180),D!$GD227+(D!$FU227/15-12),0))/24 -> 0.21787586 | R10: =(IF(AND(D!$FN227<180),D!$GD227+(D!$FN227/15-12),0))/24 -> 0.14957595 | S10: =(IF(AND(D!$FP227<180),D!$GD227+(D!$FP227/15-12),0))/24 -> 0.1193097 | T10: =D!GD227/24 -> 0.49644907 | U10: =(X10+(D!GG227/2)) -> 0.4667469 | V10: =(IF(AND(D!$FS227<180),D!$GD227-(D!$FS227/15),0))/24 -> 0.28300524 | W10: =(IF(AND(D!$FU227<180),D!$GD227-(D!$FU227/15),0))/24 -> 0.27502229 | X10: =(IF(AND(D!$FZ227<180),D!$GD227-(D!$GB227/15),0))/24 -> 0.21561795 | Y10: =TIME(HOUR(X10),MINUTE(X10)-5,MINUTE(X10)) -> 0.2119213 | Z10: 6 | AA10: =(IF(AND(D!FC185<180),D!FG185+(D!FE185/15-12),0))/24 -> 0.30015895 | AB10: =(IF(AND(D!FA185<180),D!FG185+(D!FA185/15-12),0))/24 -> 0.27992852 | AC10: =TIME(HOUR(AD10),MINUTE(AD10)+3,SECOND(AD10)) -> 0.24440972 | AD10: =(IF(AND(D!$EY185<180),D!$FG185+(D!$EY185/15-12),0))/24 -> 0.24232088 | AE10: =(IF(AND(D!$ER185<180),D!$FG185+(D!$ER185/15-12),0))/24 -> 0.17193634 | AF10: =(IF(AND(D!$ET185<180),D!$FG185+(D!$ET185/15-12),0))/24 -> 0.13758983 | AG10: =D!FG185/24 -> 0.49953241 | AH10: =(AK10+(D!FK185/2)) -> 0.47061337 | AI10: =(IF(AND(D!$EW185<180),D!$FG185-(D!$EW185/15),0))/24 -> 0.264304 | AJ10: =(IF(AND(D!$EY185<180),D!$FG185-(D!$EY185/15),0))/24 -> 0.25674394 | AK10: =(IF(AND(D!$FC185<180),D!$FG185-(D!$FE185/15),0))/24 -> 0.19890587 | AL10: =TIME(HOUR(AK10),MINUTE(AK10)-10,MINUTE(AK10)) -> 0.19219907 | AM10: 6 | AN10: =(IF(AND(D!FZ185<180),D!GD185+(D!GB185/15-12),0))/24 -> 0.33121597 | AO10: =(IF(AND(D!FX185<180),D!GD185+(D!FX185/15-12),0))/24 -> 0.30990623 | AP10: =TIME(HOUR(AQ10),MINUTE(AQ10)+3,SECOND(AQ10)) -> 0.27353009 | AQ10: =(IF(AND(D!$FU185<180),D!$GD185+(D!$FU185/15-12),0))/24 -> 0.2714522 | AR10: =(IF(AND(D!$FN185<180),D!$GD185+(D!$FN185/15-12),0))/24 -> 0.19595286 | AS10: =(IF(AND(D!$FP185<180),D!$GD185+(D!$FP185/15-12),0))/24 -> 0.1561198 | AT10: =D!GD185/24 -> 0.50665741 | AU10: =(AX10+(D!GG185/2)) -> 0.47677553 | AV10: =(IF(AND(D!$FS185<180),D!$GD185-(D!$FS185/15),0))/24 -> 0.24943621 | AW10: =(IF(AND(D!$FU185<180),D!$GD185-(D!$FU185/15),0))/24 -> 0.24186261 | AX10: =(IF(AND(D!$FZ185<180),D!$GD185-(D!$GB185/15),0))/24 -> 0.18209885 | AY10: =TIME(HOUR(AX10),MINUTE(AX10)-10,MINUTE(AX10)) -> 0.17525463 | AZ10: 6 | BA10: =(IF(AND(D!FC143<180),D!FG143+(D!FE143/15-12),0))/24 -> 0.36306629 | BB10: =(IF(AND(D!FA143<180),D!FG143+(D!FA143/15-12),0))/24 -> 0.33905366 | BC10: =TIME(HOUR(BD10),MINUTE(BD10)+3,SECOND(BD10)) -> 0.29957176 | BD10: =(IF(AND(D!$EY143<180),D!$FG143+(D!$EY143/15-12),0))/24 -> 0.29749043 | BE10: =(IF(AND(D!$ER143<180),D!$FG143+(D!$ER143/15-12),0))/24 -> 0.21397081 | BF10: =(IF(AND(D!$ET143<180),D!$FG143+D!$ET143/15-12,0))/24 -> 0.16740972 | BG10: =D!FG143/24 -> 0.51194907 | BH10: =(BK10+(D!FK143/2)) -> 0.47916114 | BI10: =(IF(AND(D!$EW143<180),D!$FG143-(D!$EW143/15),0))/24 -> 0.23439982 | BJ10: =(IF(AND(D!$EY143<180),D!$FG143-(D!$EY143/15),0))/24 -> 0.22640772 | BK10: =(IF(AND(D!$FC143<180),D!$FG143-(D!$FE143/15),0))/24 -> 0.16083186 | BL10: =TIME(HOUR(BK10),MINUTE(BK10)-10,MINUTE(BK10)) -> 0.1540625 | BM10: 6 | BN10: =(IF(AND(D!FZ143<180),D!GD143+(D!GB143/15-12),0))/24 -> 0.38238318 | BO10: =(IF(AND(D!FX143<180),D!GD143+(D!FX143/15-12),0))/24 -> 0.35528512 | BP10: =TIME(HOUR(BQ10),MINUTE(BQ10)+3,SECOND(BQ10)) -> 0.31238426 | BQ10: =(IF(AND(D!$FU143<180),D!$GD143+(D!$FU143/15-12),0))/24 -> 0.31030387 | BR10: =(IF(AND(D!$FN143<180),D!$GD143+(D!$FN143/15-12),0))/24 -> 0.21985891 | BS10: =(IF(AND(D!$FP143<180),D!$GD143+(D!$FP143/15-12),0))/24 -> 0.16805817 | BT10: =D!GD143/24 -> 0.51119907 | BU10: =(BX10+(D!GG143/2)) -> 0.47515942 | BV10: =(IF(AND(D!$FS143<180),D!$GD143-(D!$FS143/15),0))/24 -> 0.22056568 | BW10: =(IF(AND(D!$FU143<180),D!$GD143-(D!$FU143/15),0))/24 -> 0.21209428 | BX10: =(IF(AND(D!$FZ143<180),D!$GD143-(D!$GB143/15),0))/24 -> 0.14001497 | BY10: =TIME(HOUR(BX10),MINUTE(BX10)-10,MINUTE(BX10)) -> 0.13288194 | BZ10: 6 | CA10: =(IF(AND(D!FC102<180),D!FG102+D!FE102/15-12,0))/24 -> 0.37837242 | CB10: =(IF(AND(D!FA102<180),D!FG102+D!FA102/15-12,0))/24 -> 0.35123916 | CC10: =TIME(HOUR(CD10),MINUTE(CD10)+3,SECOND(CD10)) -> 0.30829861 | CD10: =(IF(AND(D!$EY102<180),D!$FG102+(D!$EY102/15-12),0))/24 -> 0.30622063 | CE10: =(IF(AND(D!$ER102<180),D!$FG102+(D!$ER102/15-12),0))/24 -> 0.21570589 | CF10: =(IF(AND(D!$ET102<180),D!$FG102+(D!$ET102/15-12),0))/24 -> 0.16385391 | CG10: =D!FG102/24 -> 0.50699074 | CH10: =(CK10+(D!FK102/2)) -> 0.47091485 | CI10: =(IF(AND(D!$EW102<180),D!$FG102-(D!$EW102/15),0))/24 -> 0.21623741 | CJ10: =(IF(AND(D!$EY102<180),D!$FG102-(D!$EY102/15),0))/24 -> 0.20776085 | CK10: =(IF(AND(D!$FC102<180),D!$FG102-(D!$FE102/15),0))/24 -> 0.13560907 | CL10: =TIME(HOUR(CK10),MINUTE(CK10)-10,MINUTE(CK10)) -> 0.12864583 | CM10: 6 | CN10: =(IF(AND(D!FZ102<180),D!GD102+(D!GB102/15-12),0))/24 -> 0.35683655 | CO10: =(IF(AND(D!FX102<180),D!GD102+(D!FX102/15-12),0))/24 -> 0.33279399 | CP10: =TIME(HOUR(CQ10),MINUTE(CQ10)+3,SECOND(CQ10)) -> 0.29327546 | CQ10: =(IF(AND(D!$FU102<180),D!$GD102+(D!$FU102/15-12),0))/24 -> 0.29119635 | CR10: =(IF(AND(D!$FN102<180),D!$GD102+(D!$FN102/15-12),0))/24 -> 0.20760065 | CS10: =(IF(AND(D!$FP102<180),D!$GD102+(D!$FP102/15-12),0))/24 -> 0.16097998 | CT10: =D!GD102/24 -> 0.50549074 | CU10: =(CX10+(D!GG102/2)) -> 0.47878175 | CV10: =(IF(AND(D!$FS102<180),D!$GD102-(D!$FS102/15),0))/24 -> 0.22778208 | CW10: =(IF(AND(D!$FU102<180),D!$GD102-(D!$FU102/15),0))/24 -> 0.21978513 | CX10: =(IF(AND(D!$FZ102<180),D!$GD102-(D!$FZ102/15),0))/24 -> 0.16636715 | CY10: =TIME(HOUR(CX10),MINUTE(CX10)-10,MINUTE(CX10)) -> 0.15971065 | CZ10: 6 | DA10: =(IF(AND(D!FC56<180),D!FG56+(D!FC56/15-12),0))/24 -> 0.32402683 | DB10: =(IF(AND(D!FA56<180),D!FG56+(D!FA56/15-12),0))/24 -> 0.31342389 | DC10: =TIME(HOUR(DD10),MINUTE(DD10)+3,SECOND(DD10)) -> 0.27699074 | DD10: =(IF(AND(D!$EY56<180),D!$FG56+(D!$EY56/15-12),0))/24 -> 0.27491038 | DE10: =(IF(AND(D!$ER56<180),D!$FG56+(D!$ER56/15-12),0))/24 -> 0.19921577 | DF10: =(IF(AND(D!$ET56<180),D!$FG56+(D!$ET56/15-12),0))/24 -> 0.15920313 | DG10: =D!FG56/24 -> 0.50949074 | DH10: =(DK10+(D!FK56/2)) -> 0.47955191 | DI10: =(IF(AND(D!$EW56<180),D!$FG56-(D!$EW56/15),0))/24 -> 0.25165164 | DJ10: =(IF(AND(D!$EY56<180),D!$FG56-(D!$EY56/15),0))/24 -> 0.2440711 | DK10: =(IF(AND(D!$FC56<180),D!$FG56-(D!$FE56/15),0))/24 -> 0.18419344 | DL10: =TIME(HOUR(DK10),MINUTE(DK10)-10,MINUTE(DK10)) -> 0.17737269 | DM10: 6 | DN10: =(IF(AND(D!FZ56<180),D!GD56+D!GB56/15-12,0))/24 -> 0.31651169 | DO10: =(IF(AND(D!FX56<180),D!GD56+D!FX56/15-12,0))/24 -> 0.29552078 | DP10: =TIME(HOUR(DQ10),MINUTE(DQ10)+3,SECOND(DQ10)) -> 0.25998843 | DQ10: =(IF(AND(D!$EY56<180),D!GD56+(D!FU56/15-12),0))/24 -> 0.25790596 | DR10: =(IF(AND(D!$FN56<180),D!GD56+(D!FN56/15-12),0))/24 -> 0.1875931 | DS10: =(IF(AND(D!$FP56<180),D!GD56+(D!FP56/15-12),0))/24 -> 0.15334473 | DT10: =D!GD56/24 -> 0.51557407 | DU10: =(DX10+(D!GG56/2)) -> 0.48627121 | DV10: =(IF(AND(D!FS56<180),D!GD56-(D!FS56/15),0))/24 -> 0.28080677 | DW10: =(IF(AND(D!FU56<180),D!GD56-(D!FU56/15),0))/24 -> 0.27324219 | DX10: =(IF(AND(D!$FC56<180),D!GD56-(D!GB56/15),0))/24 -> 0.21463646 | DY10: =TIME(HOUR(DX10),MINUTE(DX10)-10,MINUTE(DX10)) -> 0.20774306 | DZ10: 6 | EA10: =(IF(AND(D!$FC11<180),D!$FG11+D!$FE11/15-12,0))/24 -> 0.29929439 | EB10: =(IF(AND(D!$FA11<180),D!$FG11+D!$FA11/15-12,0))/24 -> 0.2788691 | EC10: =TIME(HOUR(ED10),MINUTE(ED10)+3,SECOND(ED10)) -> 0.24212963 | ED10: =(IF(AND(D!$EY11<180),D!FG11+(D!EY11/15-12),0))/24 -> 0.24004178 | EE10: =(IF(AND(D!$ER11<180),D!FG11+(D!ER11/15-12),0))/24 -> 0.17169204 | EF10: =(IF(AND(D!$ET11<180),D!FG11+(D!ET11/15-12),0))/24 -> 0.14123967 | EG10: =D!FG11/24 -> 0.51753241 | EH10: =(EK10+(D!FK11/2)) -> 0.4879061 | EI10: =(IF(AND(D!EW11<180),D!FG11-(D!EW11/15),0))/24 -> 0.3029741 | EJ10: =(IF(AND(D!EY11<180),D!FG11-(D!EY11/15),0))/24 -> 0.29502303 | EK10: =(IF(AND(D!$FC11<180),D!$FG11-(D!$FE11/15),0))/24 -> 0.23577042 | EL10: =TIME(HOUR(EK10),MINUTE(EK10)-10,MINUTE(EK10)) -> 0.22892361 | EM10: 6 | EN10: =(IF(AND(D!FZ11<180),D!GD11+(D!GB11/15-12),0))/24 -> 0.28134205 | EO10: =(IF(AND(D!$FX11<180),D!$GD11+(D!$FX11/15-12),0))/24 -> 0.26020981 | EP10: =TIME(HOUR(EQ10),MINUTE(EQ10)+3,SECOND(EQ10)) -> 0.22146991 | EQ10: =(IF(AND(D!$FU11<180),D!$GD11+(D!$FU11/15-12),0))/24 -> 0.21938693 | ER10: =(IF(AND(D!$FN11<180),D!$GD11+(D!$FN11/15-12),0))/24 -> 0.1513214 | ES10: =(IF(AND(D!$FP11<180),D!$GD11+(D!$FP11/15-12),0))/24 -> 0.12331274 | ET10: =D!GD11/24 -> 0.51178241 | EU10: =(EX10+(D!GG11/2)) -> 0.48080484 | EV10: =(IF(AND(D!$FS11<180),D!$GD11-(D!$FS11/15),0))/24 -> 0.31266705 | EW10: =(IF(AND(D!$FU11<180),D!$GD11-(D!$FU11/15),0))/24 -> 0.30417789 | EX10: =(IF(AND(D!$FZ11<180),D!$GD11-(D!$GB11/15),0))/24 -> 0.24222276 | EY10: =TIME(HOUR(EX10),MINUTE(EX10)-5,MINUTE(EX10)) -> 0.23875 | EZ10: 6
A11: =(IF(AND(D!FC228<180),D!FG228+(D!FE228/15-12),0))/24 -> 0.27112291 | B11: =(IF(AND(D!FA228<180),D!FG228+(D!FA228/15-12),0))/24 -> 0.24996674 | C11: =TIME(HOUR(D11),MINUTE(D11)+3,SECOND(D11)) -> 0.21116898 | D11: =(IF(AND(D!$EY228<180),D!$FG228+(D!$EY228/15-12),0))/24 -> 0.20907998 | E11: =(IF(AND(D!$ER228<180),D!$FG228+(D!$ER228/15-12),0))/24 -> 0.14101176 | F11: =(IF(AND(D!$ET228<180),D!$FG228+(D!$ET228/15-12),0))/24 -> 0.11306449 | G11: =D!FG228/24 -> 0.50186574 | H11: =(K11+(D!FK228/2)) -> 0.47084428 | I11: =(IF(AND(D!$EW228<180),D!$FG228-(D!$EW228/15),0))/24 -> 0.30315765 | J11: =(IF(AND(D!$EY228<180),D!$FG228-(D!$EY228/15),0))/24 -> 0.2946515 | K11: =(IF(AND(D!$FC228<180),D!$FG228-(D!$FE228/15),0))/24 -> 0.23260857 | L11: =TIME(HOUR(K11),MINUTE(K11)-5,MINUTE(K11)) -> 0.22886574 | M11: 7 | N11: =(IF(AND(D!FZ228<180),D!GD228+(D!GB228/15-12),0))/24 -> 0.27679846 | O11: =(IF(AND(D!FX228<180),D!GD228+(D!FX228/15-12),0))/24 -> 0.25631445 | P11: =TIME(HOUR(Q11),MINUTE(Q11)+3,SECOND(Q11)) -> 0.21938657 | Q11: =(IF(AND(D!$FU228<180),D!$GD228+(D!$FU228/15-12),0))/24 -> 0.21730506 | R11: =(IF(AND(D!$FN228<180),D!$GD228+(D!$FN228/15-12),0))/24 -> 0.14903109 | S11: =(IF(AND(D!$FP228<180),D!$GD228+(D!$FP228/15-12),0))/24 -> 0.1188694 | T11: =D!GD228/24 -> 0.49649074 | U11: =(X11+(D!GG228/2)) -> 0.46674404 | V11: =(IF(AND(D!$FS228<180),D!$GD228-(D!$FS228/15),0))/24 -> 0.28367789 | W11: =(IF(AND(D!$FU228<180),D!$GD228-(D!$FU228/15),0))/24 -> 0.27567642 | X11: =(IF(AND(D!$FZ228<180),D!$GD228-(D!$GB228/15),0))/24 -> 0.21618302 | Y11: =TIME(HOUR(X11),MINUTE(X11)-5,MINUTE(X11)) -> 0.21262731 | Z11: 7 | AA11: =(IF(AND(D!FC186<180),D!FG186+(D!FE186/15-12),0))/24 -> 0.29921988 | AB11: =(IF(AND(D!FA186<180),D!FG186+(D!FA186/15-12),0))/24 -> 0.2790003 | AC11: =TIME(HOUR(AD11),MINUTE(AD11)+3,SECOND(AD11)) -> 0.24346065 | AD11: =(IF(AND(D!$EY186<180),D!$FG186+(D!$EY186/15-12),0))/24 -> 0.24138068 | AE11: =(IF(AND(D!$ER186<180),D!$FG186+(D!$ER186/15-12),0))/24 -> 0.17111041 | AF11: =(IF(AND(D!$ET186<180),D!$FG186+(D!$ET186/15-12),0))/24 -> 0.13692094 | AG11: =D!FG186/24 -> 0.49932407 | AH11: =(AK11+(D!FK186/2)) -> 0.47040447 | AI11: =(IF(AND(D!$EW186<180),D!$FG186-(D!$EW186/15),0))/24 -> 0.26483487 | AJ11: =(IF(AND(D!$EY186<180),D!$FG186-(D!$EY186/15),0))/24 -> 0.25726747 | AK11: =(IF(AND(D!$FC186<180),D!$FG186-(D!$FE186/15),0))/24 -> 0.19942827 | AL11: =TIME(HOUR(AK11),MINUTE(AK11)-10,MINUTE(AK11)) -> 0.19290509 | AM11: 7 | AN11: =(IF(AND(D!FZ186<180),D!GD186+(D!GB186/15-12),0))/24 -> 0.3301582 | AO11: =(IF(AND(D!FX186<180),D!GD186+(D!FX186/15-12),0))/24 -> 0.30890954 | AP11: =TIME(HOUR(AQ11),MINUTE(AQ11)+3,SECOND(AQ11)) -> 0.27260417 | AQ11: =(IF(AND(D!$FU186<180),D!$GD186+(D!$FU186/15-12),0))/24 -> 0.27052173 | AR11: =(IF(AND(D!$FN186<180),D!$GD186+(D!$FN186/15-12),0))/24 -> 0.1952445 | AS11: =(IF(AND(D!$FP186<180),D!$GD186+(D!$FP186/15-12),0))/24 -> 0.15561725 | AT11: =D!GD186/24 -> 0.50644907 | AU11: =(AX11+(D!GG186/2)) -> 0.47663084 | AV11: =(IF(AND(D!$FS186<180),D!$GD186-(D!$FS186/15),0))/24 -> 0.24994245 | AW11: =(IF(AND(D!$FU186<180),D!$GD186-(D!$FU186/15),0))/24 -> 0.24237642 | AX11: =(IF(AND(D!$FZ186<180),D!$GD186-(D!$GB186/15),0))/24 -> 0.18273994 | AY11: =TIME(HOUR(AX11),MINUTE(AX11)-10,MINUTE(AX11)) -> 0.17596065 | AZ11: 7 | BA11: =(IF(AND(D!FC144<180),D!FG144+(D!FE144/15-12),0))/24 -> 0.36215936 | BB11: =(IF(AND(D!FA144<180),D!FG144+(D!FA144/15-12),0))/24 -> 0.33825361 | BC11: =TIME(HOUR(BD11),MINUTE(BD11)+3,SECOND(BD11)) -> 0.29890046 | BD11: =(IF(AND(D!$EY144<180),D!$FG144+(D!$EY144/15-12),0))/24 -> 0.2968134 | BE11: =(IF(AND(D!$ER144<180),D!$FG144+(D!$ER144/15-12),0))/24 -> 0.21356716 | BF11: =(IF(AND(D!$ET144<180),D!$FG144+D!$ET144/15-12,0))/24 -> 0.16722059 | BG11: =D!FG144/24 -> 0.51186574 | BH11: =(BK11+(D!FK144/2)) -> 0.47919276 | BI11: =(IF(AND(D!$EW144<180),D!$FG144-(D!$EW144/15),0))/24 -> 0.23489288 | BJ11: =(IF(AND(D!$EY144<180),D!$FG144-(D!$EY144/15),0))/24 -> 0.22691808 | BK11: =(IF(AND(D!$FC144<180),D!$FG144-(D!$FE144/15),0))/24 -> 0.16157213 | BL11: =TIME(HOUR(BK11),MINUTE(BK11)-10,MINUTE(BK11)) -> 0.15476852 | BM11: 7 | BN11: =(IF(AND(D!FZ144<180),D!GD144+(D!GB144/15-12),0))/24 -> 0.38211443 | BO11: =(IF(AND(D!FX144<180),D!GD144+(D!FX144/15-12),0))/24 -> 0.35508622 | BP11: =TIME(HOUR(BQ11),MINUTE(BQ11)+3,SECOND(BQ11)) -> 0.31225694 | BQ11: =(IF(AND(D!$FU144<180),D!$GD144+(D!$FU144/15-12),0))/24 -> 0.31017906 | BR11: =(IF(AND(D!$FN144<180),D!$GD144+(D!$FN144/15-12),0))/24 -> 0.21987315 | BS11: =(IF(AND(D!$FP144<180),D!$GD144+(D!$FP144/15-12),0))/24 -> 0.16817457 | BT11: =D!GD144/24 -> 0.51132407 | BU11: =(BX11+(D!GG144/2)) -> 0.47535639 | BV11: =(IF(AND(D!$FS144<180),D!$GD144-(D!$FS144/15),0))/24 -> 0.22093021 | BW11: =(IF(AND(D!$FU144<180),D!$GD144-(D!$FU144/15),0))/24 -> 0.21246909 | BX11: =(IF(AND(D!$FZ144<180),D!$GD144-(D!$GB144/15),0))/24 -> 0.14053371 | BY11: =TIME(HOUR(BX11),MINUTE(BX11)-10,MINUTE(BX11)) -> 0.13358796 | BZ11: 7 | CA11: =(IF(AND(D!FC103<180),D!FG103+D!FE103/15-12,0))/24 -> 0.3788602 | CB11: =(IF(AND(D!FA103<180),D!FG103+D!FA103/15-12,0))/24 -> 0.35166207 | CC11: =TIME(HOUR(CD11),MINUTE(CD11)+3,SECOND(CD11)) -> 0.30865741 | CD11: =(IF(AND(D!$EY103<180),D!$FG103+(D!$EY103/15-12),0))/24 -> 0.30657493 | CE11: =(IF(AND(D!$ER103<180),D!$FG103+(D!$ER103/15-12),0))/24 -> 0.215932 | CF11: =(IF(AND(D!$ET103<180),D!$FG103+(D!$ET103/15-12),0))/24 -> 0.16398597 | CG11: =D!FG103/24 -> 0.50711574 | CH11: =(CK11+(D!FK103/2)) -> 0.4709731 | CI11: =(IF(AND(D!$EW103<180),D!$FG103-(D!$EW103/15),0))/24 -> 0.21614262 | CJ11: =(IF(AND(D!$EY103<180),D!$FG103-(D!$EY103/15),0))/24 -> 0.20765655 | CK11: =(IF(AND(D!$FC103<180),D!$FG103-(D!$FE103/15),0))/24 -> 0.13537128 | CL11: =TIME(HOUR(CK11),MINUTE(CK11)-10,MINUTE(CK11)) -> 0.12793981 | CM11: 7 | CN11: =(IF(AND(D!FZ103<180),D!GD103+(D!GB103/15-12),0))/24 -> 0.35762196 | CO11: =(IF(AND(D!FX103<180),D!GD103+(D!FX103/15-12),0))/24 -> 0.33347012 | CP11: =TIME(HOUR(CQ11),MINUTE(CQ11)+3,SECOND(CQ11)) -> 0.29383102 | CQ11: =(IF(AND(D!$FU103<180),D!$GD103+(D!$FU103/15-12),0))/24 -> 0.29174704 | CR11: =(IF(AND(D!$FN103<180),D!$GD103+(D!$FN103/15-12),0))/24 -> 0.20787535 | CS11: =(IF(AND(D!$FP103<180),D!$GD103+(D!$FP103/15-12),0))/24 -> 0.16103901 | CT11: =D!GD103/24 -> 0.50544907 | CU11: =(CX11+(D!GG103/2)) -> 0.4786527 | CV11: =(IF(AND(D!$FS103<180),D!$GD103-(D!$FS103/15),0))/24 -> 0.22716572 | CW11: =(IF(AND(D!$FU103<180),D!$GD103-(D!$FU103/15),0))/24 -> 0.21915111 | CX11: =(IF(AND(D!$FZ103<180),D!$GD103-(D!$FZ103/15),0))/24 -> 0.16555837 | CY11: =TIME(HOUR(CX11),MINUTE(CX11)-10,MINUTE(CX11)) -> 0.15900463 | CZ11: 7 | DA11: =(IF(AND(D!FC57<180),D!FG57+(D!FC57/15-12),0))/24 -> 0.32464898 | DB11: =(IF(AND(D!FA57<180),D!FG57+(D!FA57/15-12),0))/24 -> 0.31401633 | DC11: =TIME(HOUR(DD11),MINUTE(DD11)+3,SECOND(DD11)) -> 0.27751157 | DD11: =(IF(AND(D!$EY57<180),D!$FG57+(D!$EY57/15-12),0))/24 -> 0.27543086 | DE11: =(IF(AND(D!$ER57<180),D!$FG57+(D!$ER57/15-12),0))/24 -> 0.19950488 | DF11: =(IF(AND(D!$ET57<180),D!$FG57+(D!$ET57/15-12),0))/24 -> 0.159281 | DG11: =D!FG57/24 -> 0.50928241 | DH11: =(DK11+(D!FK57/2)) -> 0.47927493 | DI11: =(IF(AND(D!$EW57<180),D!$FG57-(D!$EW57/15),0))/24 -> 0.25072302 | DJ11: =(IF(AND(D!$EY57<180),D!$FG57-(D!$EY57/15),0))/24 -> 0.24313395 | DK11: =(IF(AND(D!$FC57<180),D!$FG57-(D!$FE57/15),0))/24 -> 0.183119 | DL11: =TIME(HOUR(DK11),MINUTE(DK11)-10,MINUTE(DK11)) -> 0.17596065 | DM11: 7 | DN11: =(IF(AND(D!FZ57<180),D!GD57+D!GB57/15-12,0))/24 -> 0.31706909 | DO11: =(IF(AND(D!FX57<180),D!GD57+D!FX57/15-12,0))/24 -> 0.29608588 | DP11: =TIME(HOUR(DQ11),MINUTE(DQ11)+3,SECOND(DQ11)) -> 0.26056713 | DQ11: =(IF(AND(D!$EY57<180),D!GD57+(D!FU57/15-12),0))/24 -> 0.25848225 | DR11: =(IF(AND(D!$FN57<180),D!GD57+(D!FN57/15-12),0))/24 -> 0.18805208 | DS11: =(IF(AND(D!$FP57<180),D!GD57+(D!FP57/15-12),0))/24 -> 0.15364374 | DT11: =D!GD57/24 -> 0.51540741 | DU11: =(DX11+(D!GG57/2)) -> 0.48611399 | DV11: =(IF(AND(D!FS57<180),D!GD57-(D!FS57/15),0))/24 -> 0.2798899 | DW11: =(IF(AND(D!FU57<180),D!GD57-(D!FU57/15),0))/24 -> 0.27233256 | DX11: =(IF(AND(D!$FC57<180),D!GD57-(D!GB57/15),0))/24 -> 0.21374572 | DY11: =TIME(HOUR(DX11),MINUTE(DX11)-10,MINUTE(DX11)) -> 0.20633102 | DZ11: 7 | EA11: =(IF(AND(D!$FC12<180),D!$FG12+D!$FE12/15-12,0))/24 -> 0.29988929 | EB11: =(IF(AND(D!$FA12<180),D!$FG12+D!$FA12/15-12,0))/24 -> 0.2794846 | EC11: =TIME(HOUR(ED11),MINUTE(ED11)+3,SECOND(ED11)) -> 0.24280093 | ED11: =(IF(AND(D!$EY12<180),D!FG12+(D!EY12/15-12),0))/24 -> 0.24072288 | EE11: =(IF(AND(D!$ER12<180),D!FG12+(D!ER12/15-12),0))/24 -> 0.17234125 | EF11: =(IF(AND(D!$ET12<180),D!FG12+(D!ET12/15-12),0))/24 -> 0.14177814 | EG11: =D!FG12/24 -> 0.51757407 | EH11: =(EK11+(D!FK12/2)) -> 0.48799087 | EI11: =(IF(AND(D!EW12<180),D!FG12-(D!EW12/15),0))/24 -> 0.30235804 | EJ11: =(IF(AND(D!EY12<180),D!FG12-(D!EY12/15),0))/24 -> 0.29442527 | EK11: =(IF(AND(D!$FC12<180),D!$FG12-(D!$FE12/15),0))/24 -> 0.23525886 | EL11: =TIME(HOUR(EK11),MINUTE(EK11)-10,MINUTE(EK11)) -> 0.22821759 | EM11: 7 | EN11: =(IF(AND(D!FZ12<180),D!GD12+(D!GB12/15-12),0))/24 -> 0.28185476 | EO11: =(IF(AND(D!$FX12<180),D!$GD12+(D!$FX12/15-12),0))/24 -> 0.2607398 | EP11: =TIME(HOUR(EQ11),MINUTE(EQ11)+3,SECOND(EQ11)) -> 0.22204861 | EQ11: =(IF(AND(D!$FU12<180),D!$GD12+(D!$FU12/15-12),0))/24 -> 0.21996313 | ER11: =(IF(AND(D!$FN12<180),D!$GD12+(D!$FN12/15-12),0))/24 -> 0.15189929 | ES11: =(IF(AND(D!$FP12<180),D!$GD12+(D!$FP12/15-12),0))/24 -> 0.12384581 | ET11: =D!GD12/24 -> 0.51207407 | EU11: =(EX11+(D!GG12/2)) -> 0.48112826 | EV11: =(IF(AND(D!$FS12<180),D!$GD12-(D!$FS12/15),0))/24 -> 0.31266189 | EW11: =(IF(AND(D!$FU12<180),D!$GD12-(D!$FU12/15),0))/24 -> 0.30418502 | EX11: =(IF(AND(D!$FZ12<180),D!$GD12-(D!$GB12/15),0))/24 -> 0.24229338 | EY11: =TIME(HOUR(EX11),MINUTE(EX11)-5,MINUTE(EX11)) -> 0.23875 | EZ11: 7
A12: =(IF(AND(D!FC229<180),D!FG229+(D!FE229/15-12),0))/24 -> 0.27126869 | B12: =(IF(AND(D!FA229<180),D!FG229+(D!FA229/15-12),0))/24 -> 0.25009753 | C12: =TIME(HOUR(D12),MINUTE(D12)+3,SECOND(D12)) -> 0.21125 | D12: =(IF(AND(D!$EY229<180),D!$FG229+(D!$EY229/15-12),0))/24 -> 0.20917078 | E12: =(IF(AND(D!$ER229<180),D!$FG229+(D!$ER229/15-12),0))/24 -> 0.14110067 | F12: =(IF(AND(D!$ET229<180),D!$FG229+(D!$ET229/15-12),0))/24 -> 0.1131915 | G12: =D!FG229/24 -> 0.50219907 | H12: =(K12+(D!FK229/2)) -> 0.47115012 | I12: =(IF(AND(D!$EW229<180),D!$FG229-(D!$EW229/15),0))/24 -> 0.30374416 | J12: =(IF(AND(D!$EY229<180),D!$FG229-(D!$EY229/15),0))/24 -> 0.29522737 | K12: =(IF(AND(D!$FC229<180),D!$FG229-(D!$FE229/15),0))/24 -> 0.23312946 | L12: =TIME(HOUR(K12),MINUTE(K12)-5,MINUTE(K12)) -> 0.22957176 | M12: 8 | N12: =(IF(AND(D!FZ229<180),D!GD229+(D!GB229/15-12),0))/24 -> 0.27632423 | O12: =(IF(AND(D!FX229<180),D!GD229+(D!FX229/15-12),0))/24 -> 0.25581779 | P12: =TIME(HOUR(Q12),MINUTE(Q12)+3,SECOND(Q12)) -> 0.21881944 | Q12: =(IF(AND(D!$FU229<180),D!$GD229+(D!$FU229/15-12),0))/24 -> 0.2167404 | R12: =(IF(AND(D!$FN229<180),D!$GD229+(D!$FN229/15-12),0))/24 -> 0.14849052 | S12: =(IF(AND(D!$FP229<180),D!$GD229+(D!$FP229/15-12),0))/24 -> 0.11843182 | T12: =D!GD229/24 -> 0.49653241 | U12: =(X12+(D!GG229/2)) -> 0.46674049 | V12: =(IF(AND(D!$FS229<180),D!$GD229-(D!$FS229/15),0))/24 -> 0.28434459 | W12: =(IF(AND(D!$FU229<180),D!$GD229-(D!$FU229/15),0))/24 -> 0.27632442 | X12: =(IF(AND(D!$FZ229<180),D!$GD229-(D!$GB229/15),0))/24 -> 0.21674058 | Y12: =TIME(HOUR(X12),MINUTE(X12)-5,MINUTE(X12)) -> 0.21333333 | Z12: 8 | AA12: =(IF(AND(D!FC187<180),D!FG187+(D!FE187/15-12),0))/24 -> 0.29832921 | AB12: =(IF(AND(D!FA187<180),D!FG187+(D!FA187/15-12),0))/24 -> 0.27811898 | AC12: =TIME(HOUR(AD12),MINUTE(AD12)+3,SECOND(AD12)) -> 0.24256944 | AD12: =(IF(AND(D!$EY187<180),D!$FG187+(D!$EY187/15-12),0))/24 -> 0.24048497 | AE12: =(IF(AND(D!$ER187<180),D!$FG187+(D!$ER187/15-12),0))/24 -> 0.17032521 | AF12: =(IF(AND(D!$ET187<180),D!$FG187+(D!$ET187/15-12),0))/24 -> 0.13629074 | AG12: =D!FG187/24 -> 0.49915741 | AH12: =(AK12+(D!FK187/2)) -> 0.47023529 | AI12: =(IF(AND(D!$EW187<180),D!$FG187-(D!$EW187/15),0))/24 -> 0.26540506 | AJ12: =(IF(AND(D!$EY187<180),D!$FG187-(D!$EY187/15),0))/24 -> 0.25782985 | AK12: =(IF(AND(D!$FC187<180),D!$FG187-(D!$FE187/15),0))/24 -> 0.19998561 | AL12: =TIME(HOUR(AK12),MINUTE(AK12)-10,MINUTE(AK12)) -> 0.19290509 | AM12: 8 | AN12: =(IF(AND(D!FZ187<180),D!GD187+(D!GB187/15-12),0))/24 -> 0.32906052 | AO12: =(IF(AND(D!FX187<180),D!GD187+(D!FX187/15-12),0))/24 -> 0.30787121 | AP12: =TIME(HOUR(AQ12),MINUTE(AQ12)+3,SECOND(AQ12)) -> 0.27163194 | AQ12: =(IF(AND(D!$FU187<180),D!$GD187+(D!$FU187/15-12),0))/24 -> 0.26954713 | AR12: =(IF(AND(D!$FN187<180),D!$GD187+(D!$FN187/15-12),0))/24 -> 0.19448893 | AS12: =(IF(AND(D!$FP187<180),D!$GD187+(D!$FP187/15-12),0))/24 -> 0.15506632 | AT12: =D!GD187/24 -> 0.50619907 | AU12: =(AX12+(D!GG187/2)) -> 0.47644238 | AV12: =(IF(AND(D!$FS187<180),D!$GD187-(D!$FS187/15),0))/24 -> 0.25040995 | AW12: =(IF(AND(D!$FU187<180),D!$GD187-(D!$FU187/15),0))/24 -> 0.24285102 | AX12: =(IF(AND(D!$FZ187<180),D!$GD187-(D!$GB187/15),0))/24 -> 0.18333763 | AY12: =TIME(HOUR(AX12),MINUTE(AX12)-10,MINUTE(AX12)) -> 0.17666667 | AZ12: 8 | BA12: =(IF(AND(D!FC145<180),D!FG145+(D!FE145/15-12),0))/24 -> 0.36124801 | BB12: =(IF(AND(D!FA145<180),D!FG145+(D!FA145/15-12),0))/24 -> 0.33744821 | BC12: =TIME(HOUR(BD12),MINUTE(BD12)+3,SECOND(BD12)) -> 0.29821759 | BD12: =(IF(AND(D!$EY145<180),D!$FG145+(D!$EY145/15-12),0))/24 -> 0.29613016 | BE12: =(IF(AND(D!$ER145<180),D!$FG145+(D!$ER145/15-12),0))/24 -> 0.21315756 | BF12: =(IF(AND(D!$ET145<180),D!$FG145+D!$ET145/15-12,0))/24 -> 0.16702646 | BG12: =D!FG145/24 -> 0.51178241 | BH12: =(BK12+(D!FK145/2)) -> 0.47922348 | BI12: =(IF(AND(D!$EW145<180),D!$FG145-(D!$EW145/15),0))/24 -> 0.23539229 | BJ12: =(IF(AND(D!$EY145<180),D!$FG145-(D!$EY145/15),0))/24 -> 0.22743466 | BK12: =(IF(AND(D!$FC145<180),D!$FG145-(D!$FE145/15),0))/24 -> 0.16231681 | BL12: =TIME(HOUR(BK12),MINUTE(BK12)-10,MINUTE(BK12)) -> 0.15547454 | BM12: 8 | BN12: =(IF(AND(D!FZ145<180),D!GD145+(D!GB145/15-12),0))/24 -> 0.38182169 | BO12: =(IF(AND(D!FX145<180),D!GD145+(D!FX145/15-12),0))/24 -> 0.35486715 | BP12: =TIME(HOUR(BQ12),MINUTE(BQ12)+3,SECOND(BQ12)) -> 0.31211806 | BQ12: =(IF(AND(D!$FU145<180),D!$GD145+(D!$FU145/15-12),0))/24 -> 0.31003832 | BR12: =(IF(AND(D!$FN145<180),D!$GD145+(D!$FN145/15-12),0))/24 -> 0.21987987 | BS12: =(IF(AND(D!$FP145<180),D!$GD145+(D!$FP145/15-12),0))/24 -> 0.16828974 | BT12: =D!GD145/24 -> 0.51144907 | BU12: =(BX12+(D!GG145/2)) -> 0.47555739 | BV12: =(IF(AND(D!$FS145<180),D!$GD145-(D!$FS145/15),0))/24 -> 0.22131008 | BW12: =(IF(AND(D!$FU145<180),D!$GD145-(D!$FU145/15),0))/24 -> 0.21285983 | BX12: =(IF(AND(D!$FZ145<180),D!$GD145-(D!$GB145/15),0))/24 -> 0.14107645 | BY12: =TIME(HOUR(BX12),MINUTE(BX12)-10,MINUTE(BX12)) -> 0.13429398 | BZ12: 8 | CA12: =(IF(AND(D!FC104<180),D!FG104+D!FE104/15-12,0))/24 -> 0.37932321 | CB12: =(IF(AND(D!FA104<180),D!FG104+D!FA104/15-12,0))/24 -> 0.35206432 | CC12: =TIME(HOUR(CD12),MINUTE(CD12)+3,SECOND(CD12)) -> 0.30899306 | CD12: =(IF(AND(D!$EY104<180),D!$FG104+(D!$EY104/15-12),0))/24 -> 0.30691307 | CE12: =(IF(AND(D!$ER104<180),D!$FG104+(D!$ER104/15-12),0))/24 -> 0.21615066 | CF12: =(IF(AND(D!$ET104<180),D!$FG104+(D!$ET104/15-12),0))/24 -> 0.16411706 | CG12: =D!FG104/24 -> 0.50724074 | CH12: =(CK12+(D!FK104/2)) -> 0.47103567 | CI12: =(IF(AND(D!$EW104<180),D!$FG104-(D!$EW104/15),0))/24 -> 0.21606335 | CJ12: =(IF(AND(D!$EY104<180),D!$FG104-(D!$EY104/15),0))/24 -> 0.20756841 | CK12: =(IF(AND(D!$FC104<180),D!$FG104-(D!$FE104/15),0))/24 -> 0.13515827 | CL12: =TIME(HOUR(CK12),MINUTE(CK12)-10,MINUTE(CK12)) -> 0.12793981 | CM12: 8 | CN12: =(IF(AND(D!FZ104<180),D!GD104+(D!GB104/15-12),0))/24 -> 0.3583967 | CO12: =(IF(AND(D!FX104<180),D!GD104+(D!FX104/15-12),0))/24 -> 0.33413551 | CP12: =TIME(HOUR(CQ12),MINUTE(CQ12)+3,SECOND(CQ12)) -> 0.294375 | CQ12: =(IF(AND(D!$FU104<180),D!$GD104+(D!$FU104/15-12),0))/24 -> 0.29228715 | CR12: =(IF(AND(D!$FN104<180),D!$GD104+(D!$FN104/15-12),0))/24 -> 0.20814194 | CS12: =(IF(AND(D!$FP104<180),D!$GD104+(D!$FP104/15-12),0))/24 -> 0.16109255 | CT12: =D!GD104/24 -> 0.50540741 | CU12: =(CX12+(D!GG104/2)) -> 0.47852374 | CV12: =(IF(AND(D!$FS104<180),D!$GD104-(D!$FS104/15),0))/24 -> 0.22655992 | CW12: =(IF(AND(D!$FU104<180),D!$GD104-(D!$FU104/15),0))/24 -> 0.21852767 | CX12: =(IF(AND(D!$FZ104<180),D!$GD104-(D!$FZ104/15),0))/24 -> 0.16476033 | CY12: =TIME(HOUR(CX12),MINUTE(CX12)-10,MINUTE(CX12)) -> 0.15829861 | CZ12: 8 | DA12: =(IF(AND(D!FC58<180),D!FG58+(D!FC58/15-12),0))/24 -> 0.32527227 | DB12: =(IF(AND(D!FA58<180),D!FG58+(D!FA58/15-12),0))/24 -> 0.31460906 | DC12: =TIME(HOUR(DD12),MINUTE(DD12)+3,SECOND(DD12)) -> 0.27803241 | DD12: =(IF(AND(D!$EY58<180),D!$FG58+(D!$EY58/15-12),0))/24 -> 0.27594909 | DE12: =(IF(AND(D!$ER58<180),D!$FG58+(D!$ER58/15-12),0))/24 -> 0.19978858 | DF12: =(IF(AND(D!$ET58<180),D!$FG58+(D!$ET58/15-12),0))/24 -> 0.15935219 | DG12: =D!FG58/24 -> 0.50907407 | DH12: =(DK12+(D!FK58/2)) -> 0.47899577 | DI12: =(IF(AND(D!$EW58<180),D!$FG58-(D!$EW58/15),0))/24 -> 0.24979712 | DJ12: =(IF(AND(D!$EY58<180),D!$FG58-(D!$EY58/15),0))/24 -> 0.24219906 | DK12: =(IF(AND(D!$FC58<180),D!$FG58-(D!$FE58/15),0))/24 -> 0.18204245 | DL12: =TIME(HOUR(DK12),MINUTE(DK12)-10,MINUTE(DK12)) -> 0.17525463 | DM12: 8 | DN12: =(IF(AND(D!FZ58<180),D!GD58+D!GB58/15-12,0))/24 -> 0.31762994 | DO12: =(IF(AND(D!FX58<180),D!GD58+D!FX58/15-12,0))/24 -> 0.29665453 | DP12: =TIME(HOUR(DQ12),MINUTE(DQ12)+3,SECOND(DQ12)) -> 0.26114583 | DQ12: =(IF(AND(D!$EY58<180),D!GD58+(D!FU58/15-12),0))/24 -> 0.25905952 | DR12: =(IF(AND(D!$FN58<180),D!GD58+(D!FN58/15-12),0))/24 -> 0.1885084 | DS12: =(IF(AND(D!$FP58<180),D!GD58+(D!FP58/15-12),0))/24 -> 0.15393836 | DT12: =D!GD58/24 -> 0.51524074 | DU12: =(DX12+(D!GG58/2)) -> 0.48595553 | DV12: =(IF(AND(D!FS58<180),D!GD58-(D!FS58/15),0))/24 -> 0.27897255 | DW12: =(IF(AND(D!FU58<180),D!GD58-(D!FU58/15),0))/24 -> 0.27142196 | DX12: =(IF(AND(D!$FC58<180),D!GD58-(D!GB58/15),0))/24 -> 0.21285154 | DY12: =TIME(HOUR(DX12),MINUTE(DX12)-10,MINUTE(DX12)) -> 0.205625 | DZ12: 8 | EA12: =(IF(AND(D!$FC13<180),D!$FG13+D!$FE13/15-12,0))/24 -> 0.30049194 | EB12: =(IF(AND(D!$FA13<180),D!$FG13+D!$FA13/15-12,0))/24 -> 0.28010715 | EC12: =TIME(HOUR(ED12),MINUTE(ED12)+3,SECOND(ED12)) -> 0.24349537 | ED12: =(IF(AND(D!$EY13<180),D!FG13+(D!EY13/15-12),0))/24 -> 0.24140991 | EE12: =(IF(AND(D!$ER13<180),D!FG13+(D!ER13/15-12),0))/24 -> 0.17299422 | EF12: =(IF(AND(D!$ET13<180),D!FG13+(D!ET13/15-12),0))/24 -> 0.14231871 | EG12: =D!FG13/24 -> 0.51761574 | EH12: =(EK12+(D!FK13/2)) -> 0.48807473 | EI12: =(IF(AND(D!EW13<180),D!FG13-(D!EW13/15),0))/24 -> 0.30173626 | EJ12: =(IF(AND(D!EY13<180),D!FG13-(D!EY13/15),0))/24 -> 0.29382157 | EK12: =(IF(AND(D!$FC13<180),D!$FG13-(D!$FE13/15),0))/24 -> 0.23473955 | EL12: =TIME(HOUR(EK12),MINUTE(EK12)-10,MINUTE(EK12)) -> 0.22821759 | EM12: 8 | EN12: =(IF(AND(D!FZ13<180),D!GD13+(D!GB13/15-12),0))/24 -> 0.28242147 | EO12: =(IF(AND(D!$FX13<180),D!$GD13+(D!$FX13/15-12),0))/24 -> 0.26132456 | EP12: =TIME(HOUR(EQ12),MINUTE(EQ12)+3,SECOND(EQ12)) -> 0.22268519 | EQ12: =(IF(AND(D!$FU13<180),D!$GD13+(D!$FU13/15-12),0))/24 -> 0.22059625 | ER12: =(IF(AND(D!$FN13<180),D!$GD13+(D!$FN13/15-12),0))/24 -> 0.15253393 | ES12: =(IF(AND(D!$FP13<180),D!$GD13+(D!$FP13/15-12),0))/24 -> 0.12443319 | ET12: =D!GD13/24 -> 0.51240741 | EU12: =(EX12+(D!GG13/2)) -> 0.4814948 | EV12: =(IF(AND(D!$FS13<180),D!$GD13-(D!$FS13/15),0))/24 -> 0.31268257 | EW12: =(IF(AND(D!$FU13<180),D!$GD13-(D!$FU13/15),0))/24 -> 0.30421857 | EX12: =(IF(AND(D!$FZ13<180),D!$GD13-(D!$GB13/15),0))/24 -> 0.24239335 | EY12: =TIME(HOUR(EX12),MINUTE(EX12)-5,MINUTE(EX12)) -> 0.23945602 | EZ12: 8
A13: =(IF(AND(D!FC230<180),D!FG230+(D!FE230/15-12),0))/24 -> 0.27138693 | B13: =(IF(AND(D!FA230<180),D!FG230+(D!FA230/15-12),0))/24 -> 0.25020179 | C13: =TIME(HOUR(D13),MINUTE(D13)+3,SECOND(D13)) -> 0.21131944 | D13: =(IF(AND(D!$EY230<180),D!$FG230+(D!$EY230/15-12),0))/24 -> 0.2092378 | E13: =(IF(AND(D!$ER230<180),D!$FG230+(D!$ER230/15-12),0))/24 -> 0.14116579 | F13: =(IF(AND(D!$ET230<180),D!$FG230+(D!$ET230/15-12),0))/24 -> 0.11329189 | G13: =D!FG230/24 -> 0.50249074 | H13: =(K13+(D!FK230/2)) -> 0.47141618 | I13: =(IF(AND(D!$EW230<180),D!$FG230-(D!$EW230/15),0))/24 -> 0.30427037 | J13: =(IF(AND(D!$EY230<180),D!$FG230-(D!$EY230/15),0))/24 -> 0.29574368 | K13: =(IF(AND(D!$FC230<180),D!$FG230-(D!$FE230/15),0))/24 -> 0.23359456 | L13: =TIME(HOUR(K13),MINUTE(K13)-5,MINUTE(K13)) -> 0.23027778 | M13: 9 | N13: =(IF(AND(D!FZ230<180),D!GD230+(D!GB230/15-12),0))/24 -> 0.27585924 | O13: =(IF(AND(D!FX230<180),D!GD230+(D!FX230/15-12),0))/24 -> 0.25532994 | P13: =TIME(HOUR(Q13),MINUTE(Q13)+3,SECOND(Q13)) -> 0.21826389 | Q13: =(IF(AND(D!$FU230<180),D!$GD230+(D!$FU230/15-12),0))/24 -> 0.216184 | R13: =(IF(AND(D!$FN230<180),D!$GD230+(D!$FN230/15-12),0))/24 -> 0.14795636 | S13: =(IF(AND(D!$FP230<180),D!$GD230+(D!$FP230/15-12),0))/24 -> 0.11799877 | T13: =D!GD230/24 -> 0.49657407 | U13: =(X13+(D!GG230/2)) -> 0.46673645 | V13: =(IF(AND(D!$FS230<180),D!$GD230-(D!$FS230/15),0))/24 -> 0.28500311 | W13: =(IF(AND(D!$FU230<180),D!$GD230-(D!$FU230/15),0))/24 -> 0.27696415 | X13: =(IF(AND(D!$FZ230<180),D!$GD230-(D!$GB230/15),0))/24 -> 0.21728891 | Y13: =TIME(HOUR(X13),MINUTE(X13)-5,MINUTE(X13)) -> 0.21333333 | Z13: 9 | AA13: =(IF(AND(D!FC188<180),D!FG188+(D!FE188/15-12),0))/24 -> 0.29740156 | AB13: =(IF(AND(D!FA188<180),D!FG188+(D!FA188/15-12),0))/24 -> 0.27719927 | AC13: =TIME(HOUR(AD13),MINUTE(AD13)+3,SECOND(AD13)) -> 0.24163194 | AD13: =(IF(AND(D!$EY188<180),D!$FG188+(D!$EY188/15-12),0))/24 -> 0.23954842 | AE13: =(IF(AND(D!$ER188<180),D!$FG188+(D!$ER188/15-12),0))/24 -> 0.16949577 | AF13: =(IF(AND(D!$ET188<180),D!$FG188+(D!$ET188/15-12),0))/24 -> 0.13561473 | AG13: =D!FG188/24 -> 0.49894907 | AH13: =(AK13+(D!FK188/2)) -> 0.4700225 | AI13: =(IF(AND(D!$EW188<180),D!$FG188-(D!$EW188/15),0))/24 -> 0.26593324 | AJ13: =(IF(AND(D!$EY188<180),D!$FG188-(D!$EY188/15),0))/24 -> 0.25834972 | AK13: =(IF(AND(D!$FC188<180),D!$FG188-(D!$FE188/15),0))/24 -> 0.20049658 | AL13: =TIME(HOUR(AK13),MINUTE(AK13)-10,MINUTE(AK13)) -> 0.19361111 | AM13: 9 | AN13: =(IF(AND(D!FZ188<180),D!GD188+(D!GB188/15-12),0))/24 -> 0.32796676 | AO13: =(IF(AND(D!FX188<180),D!GD188+(D!FX188/15-12),0))/24 -> 0.30683493 | AP13: =TIME(HOUR(AQ13),MINUTE(AQ13)+3,SECOND(AQ13)) -> 0.27065972 | AQ13: =(IF(AND(D!$FU188<180),D!$GD188+(D!$FU188/15-12),0))/24 -> 0.26857192 | AR13: =(IF(AND(D!$FN188<180),D!$GD188+(D!$FN188/15-12),0))/24 -> 0.19372912 | AS13: =(IF(AND(D!$FP188<180),D!$GD188+(D!$FP188/15-12),0))/24 -> 0.15450945 | AT13: =D!GD188/24 -> 0.50594907 | AU13: =(AX13+(D!GG188/2)) -> 0.47625165 | AV13: =(IF(AND(D!$FS188<180),D!$GD188-(D!$FS188/15),0))/24 -> 0.25087852 | AW13: =(IF(AND(D!$FU188<180),D!$GD188-(D!$FU188/15),0))/24 -> 0.24332623 | AX13: =(IF(AND(D!$FZ188<180),D!$GD188-(D!$GB188/15),0))/24 -> 0.18393138 | AY13: =TIME(HOUR(AX13),MINUTE(AX13)-10,MINUTE(AX13)) -> 0.17666667 | AZ13: 9 | BA13: =(IF(AND(D!FC146<180),D!FG146+(D!FE146/15-12),0))/24 -> 0.3603295 | BB13: =(IF(AND(D!FA146<180),D!FG146+(D!FA146/15-12),0))/24 -> 0.33663505 | BC13: =TIME(HOUR(BD13),MINUTE(BD13)+3,SECOND(BD13)) -> 0.29752315 | BD13: =(IF(AND(D!$EY146<180),D!$FG146+(D!$EY146/15-12),0))/24 -> 0.29543864 | BE13: =(IF(AND(D!$ER146<180),D!$FG146+(D!$ER146/15-12),0))/24 -> 0.21274079 | BF13: =(IF(AND(D!$ET146<180),D!$FG146+D!$ET146/15-12,0))/24 -> 0.16682681 | BG13: =D!FG146/24 -> 0.51169907 | BH13: =(BK13+(D!FK146/2)) -> 0.47925364 | BI13: =(IF(AND(D!$EW146<180),D!$FG146-(D!$EW146/15),0))/24 -> 0.23590005 | BJ13: =(IF(AND(D!$EY146<180),D!$FG146-(D!$EY146/15),0))/24 -> 0.22795951 | BK13: =(IF(AND(D!$FC146<180),D!$FG146-(D!$FE146/15),0))/24 -> 0.16306865 | BL13: =TIME(HOUR(BK13),MINUTE(BK13)-10,MINUTE(BK13)) -> 0.15618056 | BM13: 9 | BN13: =(IF(AND(D!FZ146<180),D!GD146+(D!GB146/15-12),0))/24 -> 0.38146365 | BO13: =(IF(AND(D!FX146<180),D!GD146+(D!FX146/15-12),0))/24 -> 0.35458647 | BP13: =TIME(HOUR(BQ13),MINUTE(BQ13)+3,SECOND(BQ13)) -> 0.3119213 | BQ13: =(IF(AND(D!$FU146<180),D!$GD146+(D!$FU146/15-12),0))/24 -> 0.3098401 | BR13: =(IF(AND(D!$FN146<180),D!$GD146+(D!$FN146/15-12),0))/24 -> 0.21983735 | BS13: =(IF(AND(D!$FP146<180),D!$GD146+(D!$FP146/15-12),0))/24 -> 0.16836188 | BT13: =D!GD146/24 -> 0.51153241 | BU13: =(BX13+(D!GG146/2)) -> 0.47572063 | BV13: =(IF(AND(D!$FS146<180),D!$GD146-(D!$FS146/15),0))/24 -> 0.22166352 | BW13: =(IF(AND(D!$FU146<180),D!$GD146-(D!$FU146/15),0))/24 -> 0.21322472 | BX13: =(IF(AND(D!$FZ146<180),D!$GD146-(D!$GB146/15),0))/24 -> 0.14160116 | BY13: =TIME(HOUR(BX13),MINUTE(BX13)-10,MINUTE(BX13)) -> 0.13429398 | BZ13: 9 | CA13: =(IF(AND(D!FC105<180),D!FG105+D!FE105/15-12,0))/24 -> 0.37976492 | CB13: =(IF(AND(D!FA105<180),D!FG105+D!FA105/15-12,0))/24 -> 0.35244884 | CC13: =TIME(HOUR(CD13),MINUTE(CD13)+3,SECOND(CD13)) -> 0.30931713 | CD13: =(IF(AND(D!$EY105<180),D!$FG105+(D!$EY105/15-12),0))/24 -> 0.30723735 | CE13: =(IF(AND(D!$ER105<180),D!$FG105+(D!$ER105/15-12),0))/24 -> 0.21636296 | CF13: =(IF(AND(D!$ET105<180),D!$FG105+(D!$ET105/15-12),0))/24 -> 0.16424734 | CG13: =D!FG105/24 -> 0.50736574 | CH13: =(CK13+(D!FK105/2)) -> 0.47110196 | CI13: =(IF(AND(D!$EW105<180),D!$FG105-(D!$EW105/15),0))/24 -> 0.21599741 | CJ13: =(IF(AND(D!$EY105<180),D!$FG105-(D!$EY105/15),0))/24 -> 0.20749413 | CK13: =(IF(AND(D!$FC105<180),D!$FG105-(D!$FE105/15),0))/24 -> 0.13496656 | CL13: =TIME(HOUR(CK13),MINUTE(CK13)-10,MINUTE(CK13)) -> 0.12793981 | CM13: 9 | CN13: =(IF(AND(D!FZ105<180),D!GD105+(D!GB105/15-12),0))/24 -> 0.35916658 | CO13: =(IF(AND(D!FX105<180),D!GD105+(D!FX105/15-12),0))/24 -> 0.3347952 | CP13: =TIME(HOUR(CQ13),MINUTE(CQ13)+3,SECOND(CQ13)) -> 0.29490741 | CQ13: =(IF(AND(D!$FU105<180),D!$GD105+(D!$FU105/15-12),0))/24 -> 0.2928209 | CR13: =(IF(AND(D!$FN105<180),D!$GD105+(D!$FN105/15-12),0))/24 -> 0.20840277 | CS13: =(IF(AND(D!$FP105<180),D!$GD105+(D!$FP105/15-12),0))/24 -> 0.16114146 | CT13: =D!GD105/24 -> 0.50536574 | CU13: =(CX13+(D!GG105/2)) -> 0.47839428 | CV13: =(IF(AND(D!$FS105<180),D!$GD105-(D!$FS105/15),0))/24 -> 0.22596058 | CW13: =(IF(AND(D!$FU105<180),D!$GD105-(D!$FU105/15),0))/24 -> 0.21791058 | CX13: =(IF(AND(D!$FZ105<180),D!$GD105-(D!$FZ105/15),0))/24 -> 0.16396766 | CY13: =TIME(HOUR(CX13),MINUTE(CX13)-10,MINUTE(CX13)) -> 0.15759259 | CZ13: 9 | DA13: =(IF(AND(D!FC59<180),D!FG59+(D!FC59/15-12),0))/24 -> 0.32593841 | DB13: =(IF(AND(D!FA59<180),D!FG59+(D!FA59/15-12),0))/24 -> 0.3152438 | DC13: =TIME(HOUR(DD13),MINUTE(DD13)+3,SECOND(DD13)) -> 0.27858796 | DD13: =(IF(AND(D!$EY59<180),D!$FG59+(D!$EY59/15-12),0))/24 -> 0.27650679 | DE13: =(IF(AND(D!$ER59<180),D!$FG59+(D!$ER59/15-12),0))/24 -> 0.20010859 | DF13: =(IF(AND(D!$ET59<180),D!$FG59+(D!$ET59/15-12),0))/24 -> 0.15945844 | DG13: =D!FG59/24 -> 0.50890741 | DH13: =(DK13+(D!FK59/2)) -> 0.47875609 | DI13: =(IF(AND(D!$EW59<180),D!$FG59-(D!$EW59/15),0))/24 -> 0.24891553 | DJ13: =(IF(AND(D!$EY59<180),D!$FG59-(D!$EY59/15),0))/24 -> 0.24130803 | DK13: =(IF(AND(D!$FC59<180),D!$FG59-(D!$FE59/15),0))/24 -> 0.18100539 | DL13: =TIME(HOUR(DK13),MINUTE(DK13)-10,MINUTE(DK13)) -> 0.17384259 | DM13: 9 | DN13: =(IF(AND(D!FZ59<180),D!GD59+D!GB59/15-12,0))/24 -> 0.31819249 | DO13: =(IF(AND(D!FX59<180),D!GD59+D!FX59/15-12,0))/24 -> 0.29722493 | DP13: =TIME(HOUR(DQ13),MINUTE(DQ13)+3,SECOND(DQ13)) -> 0.26172454 | DQ13: =(IF(AND(D!$EY59<180),D!GD59+(D!FU59/15-12),0))/24 -> 0.25963595 | DR13: =(IF(AND(D!$FN59<180),D!GD59+(D!FN59/15-12),0))/24 -> 0.18896051 | DS13: =(IF(AND(D!$FP59<180),D!GD59+(D!FP59/15-12),0))/24 -> 0.15422741 | DT13: =D!GD59/24 -> 0.51507407 | DU13: =(DX13+(D!GG59/2)) -> 0.48579581 | DV13: =(IF(AND(D!FS59<180),D!GD59-(D!FS59/15),0))/24 -> 0.27805658 | DW13: =(IF(AND(D!FU59<180),D!GD59-(D!FU59/15),0))/24 -> 0.27051219 | DX13: =(IF(AND(D!$FC59<180),D!GD59-(D!GB59/15),0))/24 -> 0.21195566 | DY13: =TIME(HOUR(DX13),MINUTE(DX13)-10,MINUTE(DX13)) -> 0.20491898 | DZ13: 9 | EA13: =(IF(AND(D!$FC14<180),D!$FG14+D!$FE14/15-12,0))/24 -> 0.3010625 | EB13: =(IF(AND(D!$FA14<180),D!$FG14+D!$FA14/15-12,0))/24 -> 0.28069697 | EC13: =TIME(HOUR(ED13),MINUTE(ED13)+3,SECOND(ED13)) -> 0.24414352 | ED13: =(IF(AND(D!$EY14<180),D!FG14+(D!EY14/15-12),0))/24 -> 0.24206324 | EE13: =(IF(AND(D!$ER14<180),D!FG14+(D!ER14/15-12),0))/24 -> 0.17361111 | EF13: =(IF(AND(D!$ET14<180),D!FG14+(D!ET14/15-12),0))/24 -> 0.14282116 | EG13: =D!FG14/24 -> 0.51761574 | EH13: =(EK13+(D!FK14/2)) -> 0.48811611 | EI13: =(IF(AND(D!EW14<180),D!FG14-(D!EW14/15),0))/24 -> 0.30106504 | EJ13: =(IF(AND(D!EY14<180),D!FG14-(D!EY14/15),0))/24 -> 0.29316825 | EK13: =(IF(AND(D!$FC14<180),D!$FG14-(D!$FE14/15),0))/24 -> 0.23416898 | EL13: =TIME(HOUR(EK13),MINUTE(EK13)-10,MINUTE(EK13)) -> 0.22751157 | EM13: 9 | EN13: =(IF(AND(D!FZ14<180),D!GD14+(D!GB14/15-12),0))/24 -> 0.28291716 | EO13: =(IF(AND(D!$FX14<180),D!$GD14+(D!$FX14/15-12),0))/24 -> 0.26183905 | EP13: =TIME(HOUR(EQ13),MINUTE(EQ13)+3,SECOND(EQ13)) -> 0.22324074 | EQ13: =(IF(AND(D!$FU14<180),D!$GD14+(D!$FU14/15-12),0))/24 -> 0.22116117 | ER13: =(IF(AND(D!$FN14<180),D!$GD14+(D!$FN14/15-12),0))/24 -> 0.15310018 | ES13: =(IF(AND(D!$FP14<180),D!$GD14+(D!$FP14/15-12),0))/24 -> 0.12494971 | ET13: =D!GD14/24 -> 0.51265741 | EU13: =(EX13+(D!GG14/2)) -> 0.48177941 | EV13: =(IF(AND(D!$FS14<180),D!$GD14-(D!$FS14/15),0))/24 -> 0.31260423 | EW13: =(IF(AND(D!$FU14<180),D!$GD14-(D!$FU14/15),0))/24 -> 0.30415364 | EX13: =(IF(AND(D!$FZ14<180),D!$GD14-(D!$GB14/15),0))/24 -> 0.24239766 | EY13: =TIME(HOUR(EX13),MINUTE(EX13)-5,MINUTE(EX13)) -> 0.23945602 | EZ13: 9
A14: =(IF(AND(D!FC231<180),D!FG231+(D!FE231/15-12),0))/24 -> 0.27151751 | B14: =(IF(AND(D!FA231<180),D!FG231+(D!FA231/15-12),0))/24 -> 0.2503193 | C14: =TIME(HOUR(D14),MINUTE(D14)+3,SECOND(D14)) -> 0.21140046 | D14: =(IF(AND(D!$EY231<180),D!$FG231+(D!$EY231/15-12),0))/24 -> 0.2093205 | E14: =(IF(AND(D!$ER231<180),D!$FG231+(D!$ER231/15-12),0))/24 -> 0.1412466 | F14: =(IF(AND(D!$ET231<180),D!$FG231+(D!$ET231/15-12),0))/24 -> 0.11340548 | G14: =D!FG231/24 -> 0.50278241 | H14: =(K14+(D!FK231/2)) -> 0.4716839 | I14: =(IF(AND(D!$EW231<180),D!$FG231-(D!$EW231/15),0))/24 -> 0.30478025 | J14: =(IF(AND(D!$EY231<180),D!$FG231-(D!$EY231/15),0))/24 -> 0.29624431 | K14: =(IF(AND(D!$FC231<180),D!$FG231-(D!$FE231/15),0))/24 -> 0.2340473 | L14: =TIME(HOUR(K14),MINUTE(K14)-5,MINUTE(K14)) -> 0.2309838 | M14: 10 | N14: =(IF(AND(D!FZ231<180),D!GD231+(D!GB231/15-12),0))/24 -> 0.2754451 | O14: =(IF(AND(D!FX231<180),D!GD231+(D!FX231/15-12),0))/24 -> 0.25489255 | P14: =TIME(HOUR(Q14),MINUTE(Q14)+3,SECOND(Q14)) -> 0.2177662 | Q14: =(IF(AND(D!$FU231<180),D!$GD231+(D!$FU231/15-12),0))/24 -> 0.2156776 | R14: =(IF(AND(D!$FN231<180),D!$GD231+(D!$FN231/15-12),0))/24 -> 0.14747042 | S14: =(IF(AND(D!$FP231<180),D!$GD231+(D!$FP231/15-12),0))/24 -> 0.11761209 | T14: =D!GD231/24 -> 0.49665741 | U14: =(X14+(D!GG231/2)) -> 0.46677366 | V14: =(IF(AND(D!$FS231<180),D!$GD231-(D!$FS231/15),0))/24 -> 0.28569504 | W14: =(IF(AND(D!$FU231<180),D!$GD231-(D!$FU231/15),0))/24 -> 0.27763722 | X14: =(IF(AND(D!$FZ231<180),D!$GD231-(D!$GB231/15),0))/24 -> 0.21786972 | Y14: =TIME(HOUR(X14),MINUTE(X14)-5,MINUTE(X14)) -> 0.21403935 | Z14: 10 | AA14: =(IF(AND(D!FC189<180),D!FG189+(D!FE189/15-12),0))/24 -> 0.29652206 | AB14: =(IF(AND(D!FA189<180),D!FG189+(D!FA189/15-12),0))/24 -> 0.27632626 | AC14: =TIME(HOUR(AD14),MINUTE(AD14)+3,SECOND(AD14)) -> 0.24074074 | AD14: =(IF(AND(D!$EY189<180),D!$FG189+(D!$EY189/15-12),0))/24 -> 0.23865623 | AE14: =(IF(AND(D!$ER189<180),D!$FG189+(D!$ER189/15-12),0))/24 -> 0.16870706 | AF14: =(IF(AND(D!$ET189<180),D!$FG189+(D!$ET189/15-12),0))/24 -> 0.13497752 | AG14: =D!FG189/24 -> 0.49878241 | AH14: =(AK14+(D!FK189/2)) -> 0.46984949 | AI14: =(IF(AND(D!$EW189<180),D!$FG189-(D!$EW189/15),0))/24 -> 0.26650087 | AJ14: =(IF(AND(D!$EY189<180),D!$FG189-(D!$EY189/15),0))/24 -> 0.25890859 | AK14: =(IF(AND(D!$FC189<180),D!$FG189-(D!$FE189/15),0))/24 -> 0.20104275 | AL14: =TIME(HOUR(AK14),MINUTE(AK14)-10,MINUTE(AK14)) -> 0.19431713 | AM14: 10 | AN14: =(IF(AND(D!FZ189<180),D!GD189+(D!GB189/15-12),0))/24 -> 0.32687683 | AO14: =(IF(AND(D!FX189<180),D!GD189+(D!FX189/15-12),0))/24 -> 0.30580062 | AP14: =TIME(HOUR(AQ14),MINUTE(AQ14)+3,SECOND(AQ14)) -> 0.26967593 | AQ14: =(IF(AND(D!$FU189<180),D!$GD189+(D!$FU189/15-12),0))/24 -> 0.26759603 | AR14: =(IF(AND(D!$FN189<180),D!$GD189+(D!$FN189/15-12),0))/24 -> 0.19296501 | AS14: =(IF(AND(D!$FP189<180),D!$GD189+(D!$FP189/15-12),0))/24 -> 0.15394661 | AT14: =D!GD189/24 -> 0.50569907 | AU14: =(AX14+(D!GG189/2)) -> 0.47605868 | AV14: =(IF(AND(D!$FS189<180),D!$GD189-(D!$FS189/15),0))/24 -> 0.25134825 | AW14: =(IF(AND(D!$FU189<180),D!$GD189-(D!$FU189/15),0))/24 -> 0.24380211 | AX14: =(IF(AND(D!$FZ189<180),D!$GD189-(D!$GB189/15),0))/24 -> 0.18452132 | AY14: =TIME(HOUR(AX14),MINUTE(AX14)-10,MINUTE(AX14)) -> 0.17737269 | AZ14: 10 | BA14: =(IF(AND(D!FC147<180),D!FG147+(D!FE147/15-12),0))/24 -> 0.35936526 | BB14: =(IF(AND(D!FA147<180),D!FG147+(D!FA147/15-12),0))/24 -> 0.33577511 | BC14: =TIME(HOUR(BD14),MINUTE(BD14)+3,SECOND(BD14)) -> 0.29678241 | BD14: =(IF(AND(D!$EY147<180),D!$FG147+(D!$EY147/15-12),0))/24 -> 0.29469934 | BE14: =(IF(AND(D!$ER147<180),D!$FG147+(D!$ER147/15-12),0))/24 -> 0.21227629 | BF14: =(IF(AND(D!$ET147<180),D!$FG147+D!$ET147/15-12,0))/24 -> 0.16658022 | BG14: =D!FG147/24 -> 0.51157407 | BH14: =(BK14+(D!FK147/2)) -> 0.47924112 | BI14: =(IF(AND(D!$EW147<180),D!$FG147-(D!$EW147/15),0))/24 -> 0.23637242 | BJ14: =(IF(AND(D!$EY147<180),D!$FG147-(D!$EY147/15),0))/24 -> 0.2284488 | BK14: =(IF(AND(D!$FC147<180),D!$FG147-(D!$FE147/15),0))/24 -> 0.16378289 | BL14: =TIME(HOUR(BK14),MINUTE(BK14)-10,MINUTE(BK14)) -> 0.15688657 | BM14: 10 | BN14: =(IF(AND(D!FZ147<180),D!GD147+(D!GB147/15-12),0))/24 -> 0.38108601 | BO14: =(IF(AND(D!FX147<180),D!GD147+(D!FX147/15-12),0))/24 -> 0.3542891 | BP14: =TIME(HOUR(BQ14),MINUTE(BQ14)+3,SECOND(BQ14)) -> 0.31171296 | BQ14: =(IF(AND(D!$FU147<180),D!$GD147+(D!$FU147/15-12),0))/24 -> 0.3096285 | BR14: =(IF(AND(D!$FN147<180),D!$GD147+(D!$FN147/15-12),0))/24 -> 0.21978829 | BS14: =(IF(AND(D!$FP147<180),D!$GD147+(D!$FP147/15-12),0))/24 -> 0.16843264 | BT14: =D!GD147/24 -> 0.51161574 | BU14: =(BX14+(D!GG147/2)) -> 0.47588699 | BV14: =(IF(AND(D!$FS147<180),D!$GD147-(D!$FS147/15),0))/24 -> 0.22202987 | BW14: =(IF(AND(D!$FU147<180),D!$GD147-(D!$FU147/15),0))/24 -> 0.21360299 | BX14: =(IF(AND(D!$FZ147<180),D!$GD147-(D!$GB147/15),0))/24 -> 0.14214547 | BY14: =TIME(HOUR(BX14),MINUTE(BX14)-10,MINUTE(BX14)) -> 0.135 | BZ14: 10 | CA14: =(IF(AND(D!FC106<180),D!FG106+D!FE106/15-12,0))/24 -> 0.38022296 | CB14: =(IF(AND(D!FA106<180),D!FG106+D!FA106/15-12,0))/24 -> 0.35285404 | CC14: =TIME(HOUR(CD14),MINUTE(CD14)+3,SECOND(CD14)) -> 0.30967593 | CD14: =(IF(AND(D!$EY106<180),D!$FG106+(D!$EY106/15-12),0))/24 -> 0.30758699 | CE14: =(IF(AND(D!$ER106<180),D!$FG106+(D!$ER106/15-12),0))/24 -> 0.21660954 | CF14: =(IF(AND(D!$ET106<180),D!$FG106+(D!$ET106/15-12),0))/24 -> 0.16441852 | CG14: =D!FG106/24 -> 0.50753241 | CH14: =(CK14+(D!FK106/2)) -> 0.47121442 | CI14: =(IF(AND(D!$EW106<180),D!$FG106-(D!$EW106/15),0))/24 -> 0.21598879 | CJ14: =(IF(AND(D!$EY106<180),D!$FG106-(D!$EY106/15),0))/24 -> 0.20747783 | CK14: =(IF(AND(D!$FC106<180),D!$FG106-(D!$FE106/15),0))/24 -> 0.13484186 | CL14: =TIME(HOUR(CK14),MINUTE(CK14)-10,MINUTE(CK14)) -> 0.12793981 | CM14: 10 | CN14: =(IF(AND(D!FZ106<180),D!GD106+(D!GB106/15-12),0))/24 -> 0.35997001 | CO14: =(IF(AND(D!FX106<180),D!GD106+(D!FX106/15-12),0))/24 -> 0.3354881 | CP14: =TIME(HOUR(CQ14),MINUTE(CQ14)+3,SECOND(CQ14)) -> 0.29547454 | CQ14: =(IF(AND(D!$FU106<180),D!$GD106+(D!$FU106/15-12),0))/24 -> 0.29338774 | CR14: =(IF(AND(D!$FN106<180),D!$GD106+(D!$FN106/15-12),0))/24 -> 0.20869843 | CS14: =(IF(AND(D!$FP106<180),D!$GD106+(D!$FP106/15-12),0))/24 -> 0.1612272 | CT14: =D!GD106/24 -> 0.50536574 | CU14: =(CX14+(D!GG106/2)) -> 0.47830637 | CV14: =(IF(AND(D!$FS106<180),D!$GD106-(D!$FS106/15),0))/24 -> 0.22541151 | CW14: =(IF(AND(D!$FU106<180),D!$GD106-(D!$FU106/15),0))/24 -> 0.21734374 | CX14: =(IF(AND(D!$FZ106<180),D!$GD106-(D!$FZ106/15),0))/24 -> 0.16322501 | CY14: =TIME(HOUR(CX14),MINUTE(CX14)-10,MINUTE(CX14)) -> 0.15688657 | CZ14: 10 | DA14: =(IF(AND(D!FC60<180),D!FG60+(D!FC60/15-12),0))/24 -> 0.32656412 | DB14: =(IF(AND(D!FA60<180),D!FG60+(D!FA60/15-12),0))/24 -> 0.31583726 | DC14: =TIME(HOUR(DD14),MINUTE(DD14)+3,SECOND(DD14)) -> 0.2791088 | DD14: =(IF(AND(D!$EY60<180),D!$FG60+(D!$EY60/15-12),0))/24 -> 0.27702067 | DE14: =(IF(AND(D!$ER60<180),D!$FG60+(D!$ER60/15-12),0))/24 -> 0.20038165 | DF14: =(IF(AND(D!$ET60<180),D!$FG60+(D!$ET60/15-12),0))/24 -> 0.15951646 | DG14: =D!FG60/24 -> 0.50869907 | DH14: =(DK14+(D!FK60/2)) -> 0.47847256 | DI14: =(IF(AND(D!$EW60<180),D!$FG60-(D!$EW60/15),0))/24 -> 0.24799487 | DJ14: =(IF(AND(D!$EY60<180),D!$FG60-(D!$EY60/15),0))/24 -> 0.24037748 | DK14: =(IF(AND(D!$FC60<180),D!$FG60-(D!$FE60/15),0))/24 -> 0.17992444 | DL14: =TIME(HOUR(DK14),MINUTE(DK14)-10,MINUTE(DK14)) -> 0.17313657 | DM14: 10 | DN14: =(IF(AND(D!FZ60<180),D!GD60+D!GB60/15-12,0))/24 -> 0.31876073 | DO14: =(IF(AND(D!FX60<180),D!GD60+D!FX60/15-12,0))/24 -> 0.29780096 | DP14: =TIME(HOUR(DQ14),MINUTE(DQ14)+3,SECOND(DQ14)) -> 0.26230324 | DQ14: =(IF(AND(D!$EY60<180),D!GD60+(D!FU60/15-12),0))/24 -> 0.26021543 | DR14: =(IF(AND(D!$FN60<180),D!GD60+(D!FN60/15-12),0))/24 -> 0.18941159 | DS14: =(IF(AND(D!$FP60<180),D!GD60+(D!FP60/15-12),0))/24 -> 0.15451321 | DT14: =D!GD60/24 -> 0.51490741 | DU14: =(DX14+(D!GG60/2)) -> 0.48563476 | DV14: =(IF(AND(D!FS60<180),D!GD60-(D!FS60/15),0))/24 -> 0.27713805 | DW14: =(IF(AND(D!FU60<180),D!GD60-(D!FU60/15),0))/24 -> 0.26959938 | DX14: =(IF(AND(D!$FC60<180),D!GD60-(D!GB60/15),0))/24 -> 0.21105408 | DY14: =TIME(HOUR(DX14),MINUTE(DX14)-10,MINUTE(DX14)) -> 0.20350694 | DZ14: 10 | EA14: =(IF(AND(D!$FC15<180),D!$FG15+D!$FE15/15-12,0))/24 -> 0.30168083 | EB14: =(IF(AND(D!$FA15<180),D!$FG15+D!$FA15/15-12,0))/24 -> 0.28133374 | EC14: =TIME(HOUR(ED14),MINUTE(ED14)+3,SECOND(ED14)) -> 0.24484954 | ED14: =(IF(AND(D!$EY15<180),D!FG15+(D!EY15/15-12),0))/24 -> 0.24276208 | EE14: =(IF(AND(D!$ER15<180),D!FG15+(D!ER15/15-12),0))/24 -> 0.1742713 | EF14: =(IF(AND(D!$ET15<180),D!FG15+(D!ET15/15-12),0))/24 -> 0.14336554 | EG14: =D!FG15/24 -> 0.51765741 | EH14: =(EK14+(D!FK15/2)) -> 0.48819803 | EI14: =(IF(AND(D!EW15<180),D!FG15-(D!EW15/15),0))/24 -> 0.30043195 | EJ14: =(IF(AND(D!EY15<180),D!FG15-(D!EY15/15),0))/24 -> 0.29255274 | EK14: =(IF(AND(D!$FC15<180),D!$FG15-(D!$FE15/15),0))/24 -> 0.23363398 | EL14: =TIME(HOUR(EK14),MINUTE(EK14)-10,MINUTE(EK14)) -> 0.22680556 | EM14: 10 | EN14: =(IF(AND(D!FZ15<180),D!GD15+(D!GB15/15-12),0))/24 -> 0.28346683 | EO14: =(IF(AND(D!$FX15<180),D!$GD15+(D!$FX15/15-12),0))/24 -> 0.26240825 | EP14: =TIME(HOUR(EQ14),MINUTE(EQ14)+3,SECOND(EQ14)) -> 0.22386574 | EQ14: =(IF(AND(D!$FU15<180),D!$GD15+(D!$FU15/15-12),0))/24 -> 0.2217828 | ER14: =(IF(AND(D!$FN15<180),D!$GD15+(D!$FN15/15-12),0))/24 -> 0.15372287 | ES14: =(IF(AND(D!$FP15<180),D!$GD15+(D!$FP15/15-12),0))/24 -> 0.12552025 | ET14: =D!GD15/24 -> 0.51294907 | EU14: =(EX14+(D!GG15/2)) -> 0.48210706 | EV14: =(IF(AND(D!$FS15<180),D!$GD15-(D!$FS15/15),0))/24 -> 0.31255197 | EW14: =(IF(AND(D!$FU15<180),D!$GD15-(D!$FU15/15),0))/24 -> 0.30411535 | EX14: =(IF(AND(D!$FZ15<180),D!$GD15-(D!$GB15/15),0))/24 -> 0.24243132 | EY14: =TIME(HOUR(EX14),MINUTE(EX14)-5,MINUTE(EX14)) -> 0.23945602 | EZ14: 10
A15: =(IF(AND(D!FC232<180),D!FG232+(D!FE232/15-12),0))/24 -> 0.27170213 | B15: =(IF(AND(D!FA232<180),D!FG232+(D!FA232/15-12),0))/24 -> 0.25049176 | C15: =TIME(HOUR(D15),MINUTE(D15)+3,SECOND(D15)) -> 0.21153935 | D15: =(IF(AND(D!$EY232<180),D!$FG232+(D!$EY232/15-12),0))/24 -> 0.20946064 | E15: =(IF(AND(D!$ER232<180),D!$FG232+(D!$ER232/15-12),0))/24 -> 0.14138488 | F15: =(IF(AND(D!$ET232<180),D!$FG232+(D!$ET232/15-12),0))/24 -> 0.11357404 | G15: =D!FG232/24 -> 0.50311574 | H15: =(K15+(D!FK232/2)) -> 0.471995 | I15: =(IF(AND(D!$EW232<180),D!$FG232-(D!$EW232/15),0))/24 -> 0.30531538 | J15: =(IF(AND(D!$EY232<180),D!$FG232-(D!$EY232/15),0))/24 -> 0.29677084 | K15: =(IF(AND(D!$FC232<180),D!$FG232-(D!$FE232/15),0))/24 -> 0.23452935 | L15: =TIME(HOUR(K15),MINUTE(K15)-5,MINUTE(K15)) -> 0.2309838 | M15: 11 | N15: =(IF(AND(D!FZ232<180),D!GD232+(D!GB232/15-12),0))/24 -> 0.27499843 | O15: =(IF(AND(D!FX232<180),D!GD232+(D!FX232/15-12),0))/24 -> 0.25442229 | P15: =TIME(HOUR(Q15),MINUTE(Q15)+3,SECOND(Q15)) -> 0.21722222 | Q15: =(IF(AND(D!$FU232<180),D!$GD232+(D!$FU232/15-12),0))/24 -> 0.21513792 | R15: =(IF(AND(D!$FN232<180),D!$GD232+(D!$FN232/15-12),0))/24 -> 0.14694953 | S15: =(IF(AND(D!$FP232<180),D!$GD232+(D!$FP232/15-12),0))/24 -> 0.11718861 | T15: =D!GD232/24 -> 0.49669907 | U15: =(X15+(D!GG232/2)) -> 0.46676882 | V15: =(IF(AND(D!$FS232<180),D!$GD232-(D!$FS232/15),0))/24 -> 0.28633698 | W15: =(IF(AND(D!$FU232<180),D!$GD232-(D!$FU232/15),0))/24 -> 0.27826023 | X15: =(IF(AND(D!$FZ232<180),D!$GD232-(D!$GB232/15),0))/24 -> 0.21839972 | Y15: =TIME(HOUR(X15),MINUTE(X15)-5,MINUTE(X15)) -> 0.21474537 | Z15: 11 | AA15: =(IF(AND(D!FC190<180),D!FG190+(D!FE190/15-12),0))/24 -> 0.29560537 | AB15: =(IF(AND(D!FA190<180),D!FG190+(D!FA190/15-12),0))/24 -> 0.27541468 | AC15: =TIME(HOUR(AD15),MINUTE(AD15)+3,SECOND(AD15)) -> 0.23980324 | AD15: =(IF(AND(D!$EY190<180),D!$FG190+(D!$EY190/15-12),0))/24 -> 0.23772306 | AE15: =(IF(AND(D!$ER190<180),D!$FG190+(D!$ER190/15-12),0))/24 -> 0.1678741 | AF15: =(IF(AND(D!$ET190<180),D!$FG190+(D!$ET190/15-12),0))/24 -> 0.13429455 | AG15: =D!FG190/24 -> 0.49857407 | AH15: =(AK15+(D!FK190/2)) -> 0.46963292 | AI15: =(IF(AND(D!$EW190<180),D!$FG190-(D!$EW190/15),0))/24 -> 0.26702663 | AJ15: =(IF(AND(D!$EY190<180),D!$FG190-(D!$EY190/15),0))/24 -> 0.25942509 | AK15: =(IF(AND(D!$FC190<180),D!$FG190-(D!$FE190/15),0))/24 -> 0.20154278 | AL15: =TIME(HOUR(AK15),MINUTE(AK15)-10,MINUTE(AK15)) -> 0.19502315 | AM15: 11 | AN15: =(IF(AND(D!FZ190<180),D!GD190+(D!GB190/15-12),0))/24 -> 0.32578841 | AO15: =(IF(AND(D!FX190<180),D!GD190+(D!FX190/15-12),0))/24 -> 0.30476615 | AP15: =TIME(HOUR(AQ15),MINUTE(AQ15)+3,SECOND(AQ15)) -> 0.2687037 | AQ15: =(IF(AND(D!$FU190<180),D!$GD190+(D!$FU190/15-12),0))/24 -> 0.26661749 | AR15: =(IF(AND(D!$FN190<180),D!$GD190+(D!$FN190/15-12),0))/24 -> 0.19219517 | AS15: =(IF(AND(D!$FP190<180),D!$GD190+(D!$FP190/15-12),0))/24 -> 0.15337691 | AT15: =D!GD190/24 -> 0.50544907 | AU15: =(AX15+(D!GG190/2)) -> 0.47586361 | AV15: =(IF(AND(D!$FS190<180),D!$GD190-(D!$FS190/15),0))/24 -> 0.2518211 | AW15: =(IF(AND(D!$FU190<180),D!$GD190-(D!$FU190/15),0))/24 -> 0.24428066 | AX15: =(IF(AND(D!$FZ190<180),D!$GD190-(D!$GB190/15),0))/24 -> 0.18510974 | AY15: =TIME(HOUR(AX15),MINUTE(AX15)-10,MINUTE(AX15)) -> 0.1780787 | AZ15: 11 | BA15: =(IF(AND(D!FC148<180),D!FG148+(D!FE148/15-12),0))/24 -> 0.35839708 | BB15: =(IF(AND(D!FA148<180),D!FG148+(D!FA148/15-12),0))/24 -> 0.33491017 | BC15: =TIME(HOUR(BD15),MINUTE(BD15)+3,SECOND(BD15)) -> 0.29604167 | BD15: =(IF(AND(D!$EY148<180),D!$FG148+(D!$EY148/15-12),0))/24 -> 0.29395398 | BE15: =(IF(AND(D!$ER148<180),D!$FG148+(D!$ER148/15-12),0))/24 -> 0.21180564 | BF15: =(IF(AND(D!$ET148<180),D!$FG148+D!$ET148/15-12,0))/24 -> 0.16632825 | BG15: =D!FG148/24 -> 0.51144907 | BH15: =(BK15+(D!FK148/2)) -> 0.47922753 | BI15: =(IF(AND(D!$EW148<180),D!$FG148-(D!$EW148/15),0))/24 -> 0.23685103 | BJ15: =(IF(AND(D!$EY148<180),D!$FG148-(D!$EY148/15),0))/24 -> 0.22894417 | BK15: =(IF(AND(D!$FC148<180),D!$FG148-(D!$FE148/15),0))/24 -> 0.16450107 | BL15: =TIME(HOUR(BK15),MINUTE(BK15)-10,MINUTE(BK15)) -> 0.15759259 | BM15: 11 | BN15: =(IF(AND(D!FZ148<180),D!GD148+(D!GB148/15-12),0))/24 -> 0.38073074 | BO15: =(IF(AND(D!FX148<180),D!GD148+(D!FX148/15-12),0))/24 -> 0.35401691 | BP15: =TIME(HOUR(BQ15),MINUTE(BQ15)+3,SECOND(BQ15)) -> 0.31152778 | BQ15: =(IF(AND(D!$FU148<180),D!$GD148+(D!$FU148/15-12),0))/24 -> 0.30944528 | BR15: =(IF(AND(D!$FN148<180),D!$GD148+(D!$FN148/15-12),0))/24 -> 0.21977429 | BS15: =(IF(AND(D!$FP148<180),D!$GD148+(D!$FP148/15-12),0))/24 -> 0.16854356 | BT15: =D!GD148/24 -> 0.51174074 | BU15: =(BX15+(D!GG148/2)) -> 0.47609801 | BV15: =(IF(AND(D!$FS148<180),D!$GD148-(D!$FS148/15),0))/24 -> 0.2224507 | BW15: =(IF(AND(D!$FU148<180),D!$GD148-(D!$FU148/15),0))/24 -> 0.2140362 | BX15: =(IF(AND(D!$FZ148<180),D!$GD148-(D!$GB148/15),0))/24 -> 0.14275074 | BY15: =TIME(HOUR(BX15),MINUTE(BX15)-10,MINUTE(BX15)) -> 0.13570602 | BZ15: 11 | CA15: =(IF(AND(D!FC107<180),D!FG107+D!FE107/15-12,0))/24 -> 0.38061372 | CB15: =(IF(AND(D!FA107<180),D!FG107+D!FA107/15-12,0))/24 -> 0.35319642 | CC15: =TIME(HOUR(CD15),MINUTE(CD15)+3,SECOND(CD15)) -> 0.30996528 | CD15: =(IF(AND(D!$EY107<180),D!$FG107+(D!$EY107/15-12),0))/24 -> 0.30787857 | CE15: =(IF(AND(D!$ER107<180),D!$FG107+(D!$ER107/15-12),0))/24 -> 0.21680711 | CF15: =(IF(AND(D!$ET107<180),D!$FG107+(D!$ET107/15-12),0))/24 -> 0.16454733 | CG15: =D!FG107/24 -> 0.50765741 | CH15: =(CK15+(D!FK107/2)) -> 0.47128983 | CI15: =(IF(AND(D!$EW107<180),D!$FG107-(D!$EW107/15),0))/24 -> 0.21595422 | CJ15: =(IF(AND(D!$EY107<180),D!$FG107-(D!$EY107/15),0))/24 -> 0.20743625 | CK15: =(IF(AND(D!$FC107<180),D!$FG107-(D!$FE107/15),0))/24 -> 0.13470109 | CL15: =TIME(HOUR(CK15),MINUTE(CK15)-10,MINUTE(CK15)) -> 0.1272338 | CM15: 11 | CN15: =(IF(AND(D!FZ107<180),D!GD107+(D!GB107/15-12),0))/24 -> 0.3607234 | CO15: =(IF(AND(D!FX107<180),D!GD107+(D!FX107/15-12),0))/24 -> 0.33613067 | CP15: =TIME(HOUR(CQ15),MINUTE(CQ15)+3,SECOND(CQ15)) -> 0.2959838 | CQ15: =(IF(AND(D!$FU107<180),D!$GD107+(D!$FU107/15-12),0))/24 -> 0.29390424 | CR15: =(IF(AND(D!$FN107<180),D!$GD107+(D!$FN107/15-12),0))/24 -> 0.20894566 | CS15: =(IF(AND(D!$FP107<180),D!$GD107+(D!$FP107/15-12),0))/24 -> 0.16126661 | CT15: =D!GD107/24 -> 0.50532407 | CU15: =(CX15+(D!GG107/2)) -> 0.47817675 | CV15: =(IF(AND(D!$FS107<180),D!$GD107-(D!$FS107/15),0))/24 -> 0.22482944 | CW15: =(IF(AND(D!$FU107<180),D!$GD107-(D!$FU107/15),0))/24 -> 0.21674391 | CX15: =(IF(AND(D!$FZ107<180),D!$GD107-(D!$FZ107/15),0))/24 -> 0.16244926 | CY15: =TIME(HOUR(CX15),MINUTE(CX15)-10,MINUTE(CX15)) -> 0.15547454 | CZ15: 11 | DA15: =(IF(AND(D!FC61<180),D!FG61+(D!FC61/15-12),0))/24 -> 0.32723279 | DB15: =(IF(AND(D!FA61<180),D!FG61+(D!FA61/15-12),0))/24 -> 0.31647281 | DC15: =TIME(HOUR(DD15),MINUTE(DD15)+3,SECOND(DD15)) -> 0.27965278 | DD15: =(IF(AND(D!$EY61<180),D!$FG61+(D!$EY61/15-12),0))/24 -> 0.27757413 | DE15: =(IF(AND(D!$ER61<180),D!$FG61+(D!$ER61/15-12),0))/24 -> 0.20069116 | DF15: =(IF(AND(D!$ET61<180),D!$FG61+(D!$ET61/15-12),0))/24 -> 0.15960967 | DG15: =D!FG61/24 -> 0.50853241 | DH15: =(DK15+(D!FK61/2)) -> 0.4782285 | DI15: =(IF(AND(D!$EW61<180),D!$FG61-(D!$EW61/15),0))/24 -> 0.24711841 | DJ15: =(IF(AND(D!$EY61<180),D!$FG61-(D!$EY61/15),0))/24 -> 0.23949068 | DK15: =(IF(AND(D!$FC61<180),D!$FG61-(D!$FE61/15),0))/24 -> 0.17888287 | DL15: =TIME(HOUR(DK15),MINUTE(DK15)-10,MINUTE(DK15)) -> 0.17172454 | DM15: 11 | DN15: =(IF(AND(D!FZ61<180),D!GD61+D!GB61/15-12,0))/24 -> 0.31933276 | DO15: =(IF(AND(D!FX61<180),D!GD61+D!FX61/15-12,0))/24 -> 0.29838083 | DP15: =TIME(HOUR(DQ15),MINUTE(DQ15)+3,SECOND(DQ15)) -> 0.26288194 | DQ15: =(IF(AND(D!$EY61<180),D!GD61+(D!FU61/15-12),0))/24 -> 0.26079614 | DR15: =(IF(AND(D!$FN61<180),D!GD61+(D!FN61/15-12),0))/24 -> 0.18986008 | DS15: =(IF(AND(D!$FP61<180),D!GD61+(D!FP61/15-12),0))/24 -> 0.15479456 | DT15: =D!GD61/24 -> 0.51474074 | DU15: =(DX15+(D!GG61/2)) -> 0.48547243 | DV15: =(IF(AND(D!FS61<180),D!GD61-(D!FS61/15),0))/24 -> 0.27621882 | DW15: =(IF(AND(D!FU61<180),D!GD61-(D!FU61/15),0))/24 -> 0.26868534 | DX15: =(IF(AND(D!$FC61<180),D!GD61-(D!GB61/15),0))/24 -> 0.21014872 | DY15: =TIME(HOUR(DX15),MINUTE(DX15)-10,MINUTE(DX15)) -> 0.20280093 | DZ15: 11 | EA15: =(IF(AND(D!$FC16<180),D!$FG16+D!$FE16/15-12,0))/24 -> 0.30226724 | EB15: =(IF(AND(D!$FA16<180),D!$FG16+D!$FA16/15-12,0))/24 -> 0.28193786 | EC15: =TIME(HOUR(ED15),MINUTE(ED15)+3,SECOND(ED15)) -> 0.24550926 | ED15: =(IF(AND(D!$EY16<180),D!FG16+(D!EY16/15-12),0))/24 -> 0.24342716 | EE15: =(IF(AND(D!$ER16<180),D!FG16+(D!ER16/15-12),0))/24 -> 0.17489519 | EF15: =(IF(AND(D!$ET16<180),D!FG16+(D!ET16/15-12),0))/24 -> 0.14387149 | EG15: =D!FG16/24 -> 0.51765741 | EH15: =(EK15+(D!FK16/2)) -> 0.48823737 | EI15: =(IF(AND(D!EW16<180),D!FG16-(D!EW16/15),0))/24 -> 0.29974949 | EJ15: =(IF(AND(D!EY16<180),D!FG16-(D!EY16/15),0))/24 -> 0.29188766 | EK15: =(IF(AND(D!$FC16<180),D!$FG16-(D!$FE16/15),0))/24 -> 0.23304758 | EL15: =TIME(HOUR(EK15),MINUTE(EK15)-10,MINUTE(EK15)) -> 0.22609954 | EM15: 11 | EN15: =(IF(AND(D!FZ16<180),D!GD16+(D!GB16/15-12),0))/24 -> 0.28403058 | EO15: =(IF(AND(D!$FX16<180),D!$GD16+(D!$FX16/15-12),0))/24 -> 0.26299233 | EP15: =TIME(HOUR(EQ15),MINUTE(EQ15)+3,SECOND(EQ15)) -> 0.22450231 | EQ15: =(IF(AND(D!$FU16<180),D!$GD16+(D!$FU16/15-12),0))/24 -> 0.2224216 | ER15: =(IF(AND(D!$FN16<180),D!$GD16+(D!$FN16/15-12),0))/24 -> 0.15436244 | ES15: =(IF(AND(D!$FP16<180),D!$GD16+(D!$FP16/15-12),0))/24 -> 0.12610486 | ET15: =D!GD16/24 -> 0.51324074 | EU15: =(EX15+(D!GG16/2)) -> 0.48243625 | EV15: =(IF(AND(D!$FS16<180),D!$GD16-(D!$FS16/15),0))/24 -> 0.31248194 | EW15: =(IF(AND(D!$FU16<180),D!$GD16-(D!$FU16/15),0))/24 -> 0.30405988 | EX15: =(IF(AND(D!$FZ16<180),D!$GD16-(D!$GB16/15),0))/24 -> 0.2424509 | EY15: =TIME(HOUR(EX15),MINUTE(EX15)-5,MINUTE(EX15)) -> 0.23945602 | EZ15: 11
A16: =(IF(AND(D!FC233<180),D!FG233+(D!FE233/15-12),0))/24 -> 0.27190088 | B16: =(IF(AND(D!FA233<180),D!FG233+(D!FA233/15-12),0))/24 -> 0.25067945 | C16: =TIME(HOUR(D16),MINUTE(D16)+3,SECOND(D16)) -> 0.21170139 | D16: =(IF(AND(D!$EY233<180),D!$FG233+(D!$EY233/15-12),0))/24 -> 0.20961892 | E16: =(IF(AND(D!$ER233<180),D!$FG233+(D!$ER233/15-12),0))/24 -> 0.14154139 | F16: =(IF(AND(D!$ET233<180),D!$FG233+(D!$ET233/15-12),0))/24 -> 0.11375797 | G16: =D!FG233/24 -> 0.50344907 | H16: =(K16+(D!FK233/2)) -> 0.47230809 | I16: =(IF(AND(D!$EW233<180),D!$FG233-(D!$EW233/15),0))/24 -> 0.30583159 | J16: =(IF(AND(D!$EY233<180),D!$FG233-(D!$EY233/15),0))/24 -> 0.29727923 | K16: =(IF(AND(D!$FC233<180),D!$FG233-(D!$FE233/15),0))/24 -> 0.23499726 | L16: =TIME(HOUR(K16),MINUTE(K16)-5,MINUTE(K16)) -> 0.23168981 | M16: 12 | N16: =(IF(AND(D!FZ233<180),D!GD233+(D!GB233/15-12),0))/24 -> 0.27460252 | O16: =(IF(AND(D!FX233<180),D!GD233+(D!FX233/15-12),0))/24 -> 0.25400248 | P16: =TIME(HOUR(Q16),MINUTE(Q16)+3,SECOND(Q16)) -> 0.21673611 | Q16: =(IF(AND(D!$FU233<180),D!$GD233+(D!$FU233/15-12),0))/24 -> 0.21464837 | R16: =(IF(AND(D!$FN233<180),D!$GD233+(D!$FN233/15-12),0))/24 -> 0.14647715 | S16: =(IF(AND(D!$FP233<180),D!$GD233+(D!$FP233/15-12),0))/24 -> 0.11681181 | T16: =D!GD233/24 -> 0.49678241 | U16: =(X16+(D!GG233/2)) -> 0.46680533 | V16: =(IF(AND(D!$FS233<180),D!$GD233-(D!$FS233/15),0))/24 -> 0.28701216 | W16: =(IF(AND(D!$FU233<180),D!$GD233-(D!$FU233/15),0))/24 -> 0.27891645 | X16: =(IF(AND(D!$FZ233<180),D!$GD233-(D!$GB233/15),0))/24 -> 0.21896229 | Y16: =TIME(HOUR(X16),MINUTE(X16)-5,MINUTE(X16)) -> 0.21545139 | Z16: 12 | AA16: =(IF(AND(D!FC191<180),D!FG191+(D!FE191/15-12),0))/24 -> 0.29473658 | AB16: =(IF(AND(D!FA191<180),D!FG191+(D!FA191/15-12),0))/24 -> 0.27454962 | AC16: =TIME(HOUR(AD16),MINUTE(AD16)+3,SECOND(AD16)) -> 0.23891204 | AD16: =(IF(AND(D!$EY191<180),D!$FG191+(D!$EY191/15-12),0))/24 -> 0.23683411 | AE16: =(IF(AND(D!$ER191<180),D!$FG191+(D!$ER191/15-12),0))/24 -> 0.16708186 | AF16: =(IF(AND(D!$ET191<180),D!$FG191+(D!$ET191/15-12),0))/24 -> 0.13365048 | AG16: =D!FG191/24 -> 0.49840741 | AH16: =(AK16+(D!FK191/2)) -> 0.46945617 | AI16: =(IF(AND(D!$EW191<180),D!$FG191-(D!$EW191/15),0))/24 -> 0.26759196 | AJ16: =(IF(AND(D!$EY191<180),D!$FG191-(D!$EY191/15),0))/24 -> 0.25998071 | AK16: =(IF(AND(D!$FC191<180),D!$FG191-(D!$FE191/15),0))/24 -> 0.20207824 | AL16: =TIME(HOUR(AK16),MINUTE(AK16)-10,MINUTE(AK16)) -> 0.19572917 | AM16: 12 | AN16: =(IF(AND(D!FZ191<180),D!GD191+(D!GB191/15-12),0))/24 -> 0.32474531 | AO16: =(IF(AND(D!FX191<180),D!GD191+(D!FX191/15-12),0))/24 -> 0.30377519 | AP16: =TIME(HOUR(AQ16),MINUTE(AQ16)+3,SECOND(AQ16)) -> 0.2677662 | AQ16: =(IF(AND(D!$FU191<180),D!$GD191+(D!$FU191/15-12),0))/24 -> 0.2656798 | AR16: =(IF(AND(D!$FN191<180),D!$GD191+(D!$FN191/15-12),0))/24 -> 0.19146258 | AS16: =(IF(AND(D!$FP191<180),D!$GD191+(D!$FP191/15-12),0))/24 -> 0.15284283 | AT16: =D!GD191/24 -> 0.50524074 | AU16: =(AX16+(D!GG191/2)) -> 0.47570798 | AV16: =(IF(AND(D!$FS191<180),D!$GD191-(D!$FS191/15),0))/24 -> 0.25233692 | AW16: =(IF(AND(D!$FU191<180),D!$GD191-(D!$FU191/15),0))/24 -> 0.24480168 | AX16: =(IF(AND(D!$FZ191<180),D!$GD191-(D!$GB191/15),0))/24 -> 0.18573617 | AY16: =TIME(HOUR(AX16),MINUTE(AX16)-10,MINUTE(AX16)) -> 0.17878472 | AZ16: 12 | BA16: =(IF(AND(D!FC149<180),D!FG149+(D!FE149/15-12),0))/24 -> 0.35746676 | BB16: =(IF(AND(D!FA149<180),D!FG149+(D!FA149/15-12),0))/24 -> 0.334082 | BC16: =TIME(HOUR(BD16),MINUTE(BD16)+3,SECOND(BD16)) -> 0.29532407 | BD16: =(IF(AND(D!$EY149<180),D!$FG149+(D!$EY149/15-12),0))/24 -> 0.29324426 | BE16: =(IF(AND(D!$ER149<180),D!$FG149+(D!$ER149/15-12),0))/24 -> 0.21137046 | BF16: =(IF(AND(D!$ET149<180),D!$FG149+D!$ET149/15-12,0))/24 -> 0.16611243 | BG16: =D!FG149/24 -> 0.51136574 | BH16: =(BK16+(D!FK149/2)) -> 0.47925449 | BI16: =(IF(AND(D!$EW149<180),D!$FG149-(D!$EW149/15),0))/24 -> 0.23737751 | BJ16: =(IF(AND(D!$EY149<180),D!$FG149-(D!$EY149/15),0))/24 -> 0.22948722 | BK16: =(IF(AND(D!$FC149<180),D!$FG149-(D!$FE149/15),0))/24 -> 0.16526472 | BL16: =TIME(HOUR(BK16),MINUTE(BK16)-10,MINUTE(BK16)) -> 0.15829861 | BM16: 12 | BN16: =(IF(AND(D!FZ149<180),D!GD149+(D!GB149/15-12),0))/24 -> 0.38031125 | BO16: =(IF(AND(D!FX149<180),D!GD149+(D!FX149/15-12),0))/24 -> 0.35368378 | BP16: =TIME(HOUR(BQ16),MINUTE(BQ16)+3,SECOND(BQ16)) -> 0.31128472 | BQ16: =(IF(AND(D!$FU149<180),D!$GD149+(D!$FU149/15-12),0))/24 -> 0.30920489 | BR16: =(IF(AND(D!$FN149<180),D!$GD149+(D!$FN149/15-12),0))/24 -> 0.21971095 | BS16: =(IF(AND(D!$FP149<180),D!$GD149+(D!$FP149/15-12),0))/24 -> 0.16861108 | BT16: =D!GD149/24 -> 0.51182407 | BU16: =(BX16+(D!GG149/2)) -> 0.47627089 | BV16: =(IF(AND(D!$FS149<180),D!$GD149-(D!$FS149/15),0))/24 -> 0.22284485 | BW16: =(IF(AND(D!$FU149<180),D!$GD149-(D!$FU149/15),0))/24 -> 0.21444325 | BX16: =(IF(AND(D!$FZ149<180),D!$GD149-(D!$GB149/15),0))/24 -> 0.14333689 | BY16: =TIME(HOUR(BX16),MINUTE(BX16)-10,MINUTE(BX16)) -> 0.13641204 | BZ16: 12 | CA16: =(IF(AND(D!FC108<180),D!FG108+D!FE108/15-12,0))/24 -> 0.38097863 | CB16: =(IF(AND(D!FA108<180),D!FG108+D!FA108/15-12,0))/24 -> 0.35351749 | CC16: =TIME(HOUR(CD16),MINUTE(CD16)+3,SECOND(CD16)) -> 0.31023148 | CD16: =(IF(AND(D!$EY108<180),D!$FG108+(D!$EY108/15-12),0))/24 -> 0.30815369 | CE16: =(IF(AND(D!$ER108<180),D!$FG108+(D!$ER108/15-12),0))/24 -> 0.21699735 | CF16: =(IF(AND(D!$ET108<180),D!$FG108+(D!$ET108/15-12),0))/24 -> 0.16467554 | CG16: =D!FG108/24 -> 0.50778241 | CH16: =(CK16+(D!FK108/2)) -> 0.47136994 | CI16: =(IF(AND(D!$EW108<180),D!$FG108-(D!$EW108/15),0))/24 -> 0.21593545 | CJ16: =(IF(AND(D!$EY108<180),D!$FG108-(D!$EY108/15),0))/24 -> 0.20741112 | CK16: =(IF(AND(D!$FC108<180),D!$FG108-(D!$FE108/15),0))/24 -> 0.13458618 | CL16: =TIME(HOUR(CK16),MINUTE(CK16)-10,MINUTE(CK16)) -> 0.1272338 | CM16: 12 | CN16: =(IF(AND(D!FZ108<180),D!GD108+(D!GB108/15-12),0))/24 -> 0.36150983 | CO16: =(IF(AND(D!FX108<180),D!GD108+(D!FX108/15-12),0))/24 -> 0.33680609 | CP16: =TIME(HOUR(CQ16),MINUTE(CQ16)+3,SECOND(CQ16)) -> 0.29653935 | CQ16: =(IF(AND(D!$FU108<180),D!$GD108+(D!$FU108/15-12),0))/24 -> 0.29445367 | CR16: =(IF(AND(D!$FN108<180),D!$GD108+(D!$FN108/15-12),0))/24 -> 0.20922787 | CS16: =(IF(AND(D!$FP108<180),D!$GD108+(D!$FP108/15-12),0))/24 -> 0.16134315 | CT16: =D!GD108/24 -> 0.50532407 | CU16: =(CX16+(D!GG108/2)) -> 0.47808882 | CV16: =(IF(AND(D!$FS108<180),D!$GD108-(D!$FS108/15),0))/24 -> 0.22429777 | CW16: =(IF(AND(D!$FU108<180),D!$GD108-(D!$FU108/15),0))/24 -> 0.21619448 | CX16: =(IF(AND(D!$FZ108<180),D!$GD108-(D!$FZ108/15),0))/24 -> 0.16172396 | CY16: =TIME(HOUR(CX16),MINUTE(CX16)-10,MINUTE(CX16)) -> 0.15476852 | CZ16: 12 | DA16: =(IF(AND(D!FC62<180),D!FG62+(D!FC62/15-12),0))/24 -> 0.3279005 | DB16: =(IF(AND(D!FA62<180),D!FG62+(D!FA62/15-12),0))/24 -> 0.31710664 | DC16: =TIME(HOUR(DD16),MINUTE(DD16)+3,SECOND(DD16)) -> 0.28020833 | DD16: =(IF(AND(D!$EY62<180),D!$FG62+(D!$EY62/15-12),0))/24 -> 0.27812358 | DE16: =(IF(AND(D!$ER62<180),D!$FG62+(D!$ER62/15-12),0))/24 -> 0.20099422 | DF16: =(IF(AND(D!$ET62<180),D!$FG62+(D!$ET62/15-12),0))/24 -> 0.15969575 | DG16: =D!FG62/24 -> 0.50836574 | DH16: =(DK16+(D!FK62/2)) -> 0.47798247 | DI16: =(IF(AND(D!$EW62<180),D!$FG62-(D!$EW62/15),0))/24 -> 0.24624637 | DJ16: =(IF(AND(D!$EY62<180),D!$FG62-(D!$EY62/15),0))/24 -> 0.2386079 | DK16: =(IF(AND(D!$FC62<180),D!$FG62-(D!$FE62/15),0))/24 -> 0.17784136 | DL16: =TIME(HOUR(DK16),MINUTE(DK16)-10,MINUTE(DK16)) -> 0.17101852 | DM16: 12 | DN16: =(IF(AND(D!FZ62<180),D!GD62+D!GB62/15-12,0))/24 -> 0.31986515 | DO16: =(IF(AND(D!FX62<180),D!GD62+D!FX62/15-12,0))/24 -> 0.29892109 | DP16: =TIME(HOUR(DQ16),MINUTE(DQ16)+3,SECOND(DQ16)) -> 0.26341435 | DQ16: =(IF(AND(D!$EY62<180),D!GD62+(D!FU62/15-12),0))/24 -> 0.26133458 | DR16: =(IF(AND(D!$FN62<180),D!GD62+(D!FN62/15-12),0))/24 -> 0.19026278 | DS16: =(IF(AND(D!$FP62<180),D!GD62+(D!FP62/15-12),0))/24 -> 0.15502864 | DT16: =D!GD62/24 -> 0.51453241 | DU16: =(DX16+(D!GG62/2)) -> 0.48526713 | DV16: =(IF(AND(D!FS62<180),D!GD62-(D!FS62/15),0))/24 -> 0.27525904 | DW16: =(IF(AND(D!FU62<180),D!GD62-(D!FU62/15),0))/24 -> 0.26773023 | DX16: =(IF(AND(D!$FC62<180),D!GD62-(D!GB62/15),0))/24 -> 0.20919967 | DY16: =TIME(HOUR(DX16),MINUTE(DX16)-10,MINUTE(DX16)) -> 0.20209491 | DZ16: 12 | EA16: =(IF(AND(D!$FC17<180),D!$FG17+D!$FE17/15-12,0))/24 -> 0.30285988 | EB16: =(IF(AND(D!$FA17<180),D!$FG17+D!$FA17/15-12,0))/24 -> 0.28254734 | EC16: =TIME(HOUR(ED16),MINUTE(ED16)+3,SECOND(ED16)) -> 0.24618056 | ED16: =(IF(AND(D!$EY17<180),D!FG17+(D!EY17/15-12),0))/24 -> 0.24409607 | EE16: =(IF(AND(D!$ER17<180),D!FG17+(D!ER17/15-12),0))/24 -> 0.17552053 | EF16: =(IF(AND(D!$ET17<180),D!FG17+(D!ET17/15-12),0))/24 -> 0.14437747 | EG16: =D!FG17/24 -> 0.51765741 | EH16: =(EK16+(D!FK17/2)) -> 0.4882755 | EI16: =(IF(AND(D!EW17<180),D!FG17-(D!EW17/15),0))/24 -> 0.29906352 | EJ16: =(IF(AND(D!EY17<180),D!FG17-(D!EY17/15),0))/24 -> 0.29121875 | EK16: =(IF(AND(D!$FC17<180),D!$FG17-(D!$FE17/15),0))/24 -> 0.23245493 | EL16: =TIME(HOUR(EK16),MINUTE(EK16)-10,MINUTE(EK16)) -> 0.22539352 | EM16: 12 | EN16: =(IF(AND(D!FZ17<180),D!GD17+(D!GB17/15-12),0))/24 -> 0.28456497 | EO16: =(IF(AND(D!$FX17<180),D!$GD17+(D!$FX17/15-12),0))/24 -> 0.2635477 | EP16: =TIME(HOUR(EQ16),MINUTE(EQ16)+3,SECOND(EQ16)) -> 0.22511574 | EQ16: =(IF(AND(D!$FU17<180),D!$GD17+(D!$FU17/15-12),0))/24 -> 0.22303353 | ER16: =(IF(AND(D!$FN17<180),D!$GD17+(D!$FN17/15-12),0))/24 -> 0.15497477 | ES16: =(IF(AND(D!$FP17<180),D!$GD17+(D!$FP17/15-12),0))/24 -> 0.12665982 | ET16: =D!GD17/24 -> 0.51349074 | EU16: =(EX16+(D!GG17/2)) -> 0.48272502 | EV16: =(IF(AND(D!$FS17<180),D!$GD17-(D!$FS17/15),0))/24 -> 0.31235494 | EW16: =(IF(AND(D!$FU17<180),D!$GD17-(D!$FU17/15),0))/24 -> 0.30394795 | EX16: =(IF(AND(D!$FZ17<180),D!$GD17-(D!$GB17/15),0))/24 -> 0.24241651 | EY16: =TIME(HOUR(EX16),MINUTE(EX16)-5,MINUTE(EX16)) -> 0.23945602 | EZ16: 12
A17: =(IF(AND(D!FC234<180),D!FG234+(D!FE234/15-12),0))/24 -> 0.27211379 | B17: =(IF(AND(D!FA234<180),D!FG234+(D!FA234/15-12),0))/24 -> 0.2508824 | C17: =TIME(HOUR(D17),MINUTE(D17)+3,SECOND(D17)) -> 0.211875 | D17: =(IF(AND(D!$EY234<180),D!$FG234+(D!$EY234/15-12),0))/24 -> 0.20979541 | E17: =(IF(AND(D!$ER234<180),D!$FG234+(D!$ER234/15-12),0))/24 -> 0.14171623 | F17: =(IF(AND(D!$ET234<180),D!$FG234+(D!$ET234/15-12),0))/24 -> 0.11395737 | G17: =D!FG234/24 -> 0.50378241 | H17: =(K17+(D!FK234/2)) -> 0.47262322 | I17: =(IF(AND(D!$EW234<180),D!$FG234-(D!$EW234/15),0))/24 -> 0.30632879 | J17: =(IF(AND(D!$EY234<180),D!$FG234-(D!$EY234/15),0))/24 -> 0.2977694 | K17: =(IF(AND(D!$FC234<180),D!$FG234-(D!$FE234/15),0))/24 -> 0.23545103 | L17: =TIME(HOUR(K17),MINUTE(K17)-5,MINUTE(K17)) -> 0.23239583 | M17: 13 | N17: =(IF(AND(D!FZ234<180),D!GD234+(D!GB234/15-12),0))/24 -> 0.27425557 | O17: =(IF(AND(D!FX234<180),D!GD234+(D!FX234/15-12),0))/24 -> 0.25363126 | P17: =TIME(HOUR(Q17),MINUTE(Q17)+3,SECOND(Q17)) -> 0.21628472 | Q17: =(IF(AND(D!$FU234<180),D!$GD234+(D!$FU234/15-12),0))/24 -> 0.21420688 | R17: =(IF(AND(D!$FN234<180),D!$GD234+(D!$FN234/15-12),0))/24 -> 0.14605136 | S17: =(IF(AND(D!$FP234<180),D!$GD234+(D!$FP234/15-12),0))/24 -> 0.11648016 | T17: =D!GD234/24 -> 0.49690741 | U17: =(X17+(D!GG234/2)) -> 0.46688306 | V17: =(IF(AND(D!$FS234<180),D!$GD234-(D!$FS234/15),0))/24 -> 0.28772271 | W17: =(IF(AND(D!$FU234<180),D!$GD234-(D!$FU234/15),0))/24 -> 0.27960793 | X17: =(IF(AND(D!$FZ234<180),D!$GD234-(D!$GB234/15),0))/24 -> 0.21955924 | Y17: =TIME(HOUR(X17),MINUTE(X17)-5,MINUTE(X17)) -> 0.21615741 | Z17: 13 | AA17: =(IF(AND(D!FC192<180),D!FG192+(D!FE192/15-12),0))/24 -> 0.29387205 | AB17: =(IF(AND(D!FA192<180),D!FG192+(D!FA192/15-12),0))/24 -> 0.27368747 | AC17: =TIME(HOUR(AD17),MINUTE(AD17)+3,SECOND(AD17)) -> 0.23803241 | AD17: =(IF(AND(D!$EY192<180),D!$FG192+(D!$EY192/15-12),0))/24 -> 0.23594572 | AE17: =(IF(AND(D!$ER192<180),D!$FG192+(D!$ER192/15-12),0))/24 -> 0.166287 | AF17: =(IF(AND(D!$ET192<180),D!$FG192+(D!$ET192/15-12),0))/24 -> 0.13300239 | AG17: =D!FG192/24 -> 0.49824074 | AH17: =(AK17+(D!FK192/2)) -> 0.46927758 | AI17: =(IF(AND(D!$EW192<180),D!$FG192-(D!$EW192/15),0))/24 -> 0.26815722 | AJ17: =(IF(AND(D!$EY192<180),D!$FG192-(D!$EY192/15),0))/24 -> 0.26053576 | AK17: =(IF(AND(D!$FC192<180),D!$FG192-(D!$FE192/15),0))/24 -> 0.20260943 | AL17: =TIME(HOUR(AK17),MINUTE(AK17)-10,MINUTE(AK17)) -> 0.19572917 | AM17: 13 | AN17: =(IF(AND(D!FZ192<180),D!GD192+(D!GB192/15-12),0))/24 -> 0.3236641 | AO17: =(IF(AND(D!FX192<180),D!GD192+(D!FX192/15-12),0))/24 -> 0.30274431 | AP17: =TIME(HOUR(AQ17),MINUTE(AQ17)+3,SECOND(AQ17)) -> 0.26678241 | AQ17: =(IF(AND(D!$FU192<180),D!$GD192+(D!$FU192/15-12),0))/24 -> 0.26469955 | AR17: =(IF(AND(D!$FN192<180),D!$GD192+(D!$FN192/15-12),0))/24 -> 0.19068384 | AS17: =(IF(AND(D!$FP192<180),D!$GD192+(D!$FP192/15-12),0))/24 -> 0.15226099 | AT17: =D!GD192/24 -> 0.50499074 | AU17: =(AX17+(D!GG192/2)) -> 0.47550847 | AV17: =(IF(AND(D!$FS192<180),D!$GD192-(D!$FS192/15),0))/24 -> 0.25281244 | AW17: =(IF(AND(D!$FU192<180),D!$GD192-(D!$FU192/15),0))/24 -> 0.24528193 | AX17: =(IF(AND(D!$FZ192<180),D!$GD192-(D!$GB192/15),0))/24 -> 0.18631739 | AY17: =TIME(HOUR(AX17),MINUTE(AX17)-10,MINUTE(AX17)) -> 0.17949074 | AZ17: 13 | BA17: =(IF(AND(D!FC150<180),D!FG150+(D!FE150/15-12),0))/24 -> 0.35649111 | BB17: =(IF(AND(D!FA150<180),D!FG150+(D!FA150/15-12),0))/24 -> 0.33320735 | BC17: =TIME(HOUR(BD17),MINUTE(BD17)+3,SECOND(BD17)) -> 0.29457176 | BD17: =(IF(AND(D!$EY150<180),D!$FG150+(D!$EY150/15-12),0))/24 -> 0.29248688 | BE17: =(IF(AND(D!$ER150<180),D!$FG150+(D!$ER150/15-12),0))/24 -> 0.21088734 | BF17: =(IF(AND(D!$ET150<180),D!$FG150+D!$ET150/15-12,0))/24 -> 0.16584931 | BG17: =D!FG150/24 -> 0.51124074 | BH17: =(BK17+(D!FK150/2)) -> 0.47923863 | BI17: =(IF(AND(D!$EW150<180),D!$FG150-(D!$EW150/15),0))/24 -> 0.23786851 | BJ17: =(IF(AND(D!$EY150<180),D!$FG150-(D!$EY150/15),0))/24 -> 0.2299946 | BK17: =(IF(AND(D!$FC150<180),D!$FG150-(D!$FE150/15),0))/24 -> 0.16599037 | BL17: =TIME(HOUR(BK17),MINUTE(BK17)-10,MINUTE(BK17)) -> 0.15971065 | BM17: 13 | BN17: =(IF(AND(D!FZ150<180),D!GD150+(D!GB150/15-12),0))/24 -> 0.37987678 | BO17: =(IF(AND(D!FX150<180),D!GD150+(D!FX150/15-12),0))/24 -> 0.35333759 | BP17: =TIME(HOUR(BQ17),MINUTE(BQ17)+3,SECOND(BQ17)) -> 0.31104167 | BQ17: =(IF(AND(D!$FU150<180),D!$GD150+(D!$FU150/15-12),0))/24 -> 0.30895376 | BR17: =(IF(AND(D!$FN150<180),D!$GD150+(D!$FN150/15-12),0))/24 -> 0.21964198 | BS17: =(IF(AND(D!$FP150<180),D!$GD150+(D!$FP150/15-12),0))/24 -> 0.16867695 | BT17: =D!GD150/24 -> 0.51190741 | BU17: =(BX17+(D!GG150/2)) -> 0.47644589 | BV17: =(IF(AND(D!$FS150<180),D!$GD150-(D!$FS150/15),0))/24 -> 0.22324941 | BW17: =(IF(AND(D!$FU150<180),D!$GD150-(D!$FU150/15),0))/24 -> 0.21486106 | BX17: =(IF(AND(D!$FZ150<180),D!$GD150-(D!$GB150/15),0))/24 -> 0.14393803 | BY17: =TIME(HOUR(BX17),MINUTE(BX17)-10,MINUTE(BX17)) -> 0.13711806 | BZ17: 13 | CA17: =(IF(AND(D!FC109<180),D!FG109+D!FE109/15-12,0))/24 -> 0.38136296 | CB17: =(IF(AND(D!FA109<180),D!FG109+D!FA109/15-12,0))/24 -> 0.35386192 | CC17: =TIME(HOUR(CD17),MINUTE(CD17)+3,SECOND(CD17)) -> 0.31054398 | CD17: =(IF(AND(D!$EY109<180),D!$FG109+(D!$EY109/15-12),0))/24 -> 0.30845635 | CE17: =(IF(AND(D!$ER109<180),D!$FG109+(D!$ER109/15-12),0))/24 -> 0.21722298 | CF17: =(IF(AND(D!$ET109<180),D!$FG109+(D!$ET109/15-12),0))/24 -> 0.16484491 | CG17: =D!FG109/24 -> 0.50794907 | CH17: =(CK17+(D!FK109/2)) -> 0.47149577 | CI17: =(IF(AND(D!$EW109<180),D!$FG109-(D!$EW109/15),0))/24 -> 0.21597189 | CJ17: =(IF(AND(D!$EY109<180),D!$FG109-(D!$EY109/15),0))/24 -> 0.2074418 | CK17: =(IF(AND(D!$FC109<180),D!$FG109-(D!$FE109/15),0))/24 -> 0.13453519 | CL17: =TIME(HOUR(CK17),MINUTE(CK17)-10,MINUTE(CK17)) -> 0.1272338 | CM17: 13 | CN17: =(IF(AND(D!FZ109<180),D!GD109+(D!GB109/15-12),0))/24 -> 0.36228737 | CO17: =(IF(AND(D!FX109<180),D!GD109+(D!FX109/15-12),0))/24 -> 0.33747249 | CP17: =TIME(HOUR(CQ17),MINUTE(CQ17)+3,SECOND(CQ17)) -> 0.29708333 | CQ17: =(IF(AND(D!$FU109<180),D!$GD109+(D!$FU109/15-12),0))/24 -> 0.29499426 | CR17: =(IF(AND(D!$FN109<180),D!$GD109+(D!$FN109/15-12),0))/24 -> 0.20950344 | CS17: =(IF(AND(D!$FP109<180),D!$GD109+(D!$FP109/15-12),0))/24 -> 0.16141532 | CT17: =D!GD109/24 -> 0.50532407 | CU17: =(CX17+(D!GG109/2)) -> 0.47800096 | CV17: =(IF(AND(D!$FS109<180),D!$GD109-(D!$FS109/15),0))/24 -> 0.2237749 | CW17: =(IF(AND(D!$FU109<180),D!$GD109-(D!$FU109/15),0))/24 -> 0.21565389 | CX17: =(IF(AND(D!$FZ109<180),D!$GD109-(D!$FZ109/15),0))/24 -> 0.16100767 | CY17: =TIME(HOUR(CX17),MINUTE(CX17)-10,MINUTE(CX17)) -> 0.1540625 | CZ17: 13 | DA17: =(IF(AND(D!FC63<180),D!FG63+(D!FC63/15-12),0))/24 -> 0.3285279 | DB17: =(IF(AND(D!FA63<180),D!FG63+(D!FA63/15-12),0))/24 -> 0.3176993 | DC17: =TIME(HOUR(DD17),MINUTE(DD17)+3,SECOND(DD17)) -> 0.28071759 | DD17: =(IF(AND(D!$EY63<180),D!$FG63+(D!$EY63/15-12),0))/24 -> 0.27862937 | DE17: =(IF(AND(D!$ER63<180),D!$FG63+(D!$ER63/15-12),0))/24 -> 0.20125054 | DF17: =(IF(AND(D!$ET63<180),D!$FG63+(D!$ET63/15-12),0))/24 -> 0.15973382 | DG17: =D!FG63/24 -> 0.50815741 | DH17: =(DK17+(D!FK63/2)) -> 0.47769259 | DI17: =(IF(AND(D!$EW63<180),D!$FG63-(D!$EW63/15),0))/24 -> 0.2453351 | DJ17: =(IF(AND(D!$EY63<180),D!$FG63-(D!$EY63/15),0))/24 -> 0.23768544 | DK17: =(IF(AND(D!$FC63<180),D!$FG63-(D!$FE63/15),0))/24 -> 0.17675581 | DL17: =TIME(HOUR(DK17),MINUTE(DK17)-10,MINUTE(DK17)) -> 0.16960648 | DM17: 13 | DN17: =(IF(AND(D!FZ63<180),D!GD63+D!GB63/15-12,0))/24 -> 0.32044338 | DO17: =(IF(AND(D!FX63<180),D!GD63+D!FX63/15-12,0))/24 -> 0.29950707 | DP17: =TIME(HOUR(DQ17),MINUTE(DQ17)+3,SECOND(DQ17)) -> 0.26400463 | DQ17: =(IF(AND(D!$EY63<180),D!GD63+(D!FU63/15-12),0))/24 -> 0.26191609 | DR17: =(IF(AND(D!$FN63<180),D!GD63+(D!FN63/15-12),0))/24 -> 0.19070463 | DS17: =(IF(AND(D!$FP63<180),D!GD63+(D!FP63/15-12),0))/24 -> 0.15529991 | DT17: =D!GD63/24 -> 0.51436574 | DU17: =(DX17+(D!GG63/2)) -> 0.4851021 | DV17: =(IF(AND(D!FS63<180),D!GD63-(D!FS63/15),0))/24 -> 0.27434005 | DW17: =(IF(AND(D!FU63<180),D!GD63-(D!FU63/15),0))/24 -> 0.26681539 | DX17: =(IF(AND(D!$FC63<180),D!GD63-(D!GB63/15),0))/24 -> 0.2082881 | DY17: =TIME(HOUR(DX17),MINUTE(DX17)-10,MINUTE(DX17)) -> 0.20137731 | DZ17: 13 | EA17: =(IF(AND(D!$FC18<180),D!$FG18+D!$FE18/15-12,0))/24 -> 0.30341897 | EB17: =(IF(AND(D!$FA18<180),D!$FG18+D!$FA18/15-12,0))/24 -> 0.28312241 | EC17: =TIME(HOUR(ED17),MINUTE(ED17)+3,SECOND(ED17)) -> 0.24681713 | ED17: =(IF(AND(D!$EY18<180),D!FG18+(D!EY18/15-12),0))/24 -> 0.24472916 | EE17: =(IF(AND(D!$ER18<180),D!FG18+(D!ER18/15-12),0))/24 -> 0.17610747 | EF17: =(IF(AND(D!$ET18<180),D!FG18+(D!ET18/15-12),0))/24 -> 0.14484323 | EG17: =D!FG18/24 -> 0.51761574 | EH17: =(EK17+(D!FK18/2)) -> 0.48827084 | EI17: =(IF(AND(D!EW18<180),D!FG18-(D!EW18/15),0))/24 -> 0.29833032 | EJ17: =(IF(AND(D!EY18<180),D!FG18-(D!EY18/15),0))/24 -> 0.29050232 | EK17: =(IF(AND(D!$FC18<180),D!$FG18-(D!$FE18/15),0))/24 -> 0.23181251 | EL17: =TIME(HOUR(EK17),MINUTE(EK17)-10,MINUTE(EK17)) -> 0.2246875 | EM17: 13 | EN17: =(IF(AND(D!FZ18<180),D!GD18+(D!GB18/15-12),0))/24 -> 0.28515157 | EO17: =(IF(AND(D!$FX18<180),D!$GD18+(D!$FX18/15-12),0))/24 -> 0.26415577 | EP17: =TIME(HOUR(EQ17),MINUTE(EQ17)+3,SECOND(EQ17)) -> 0.22578704 | EQ17: =(IF(AND(D!$FU18<180),D!$GD18+(D!$FU18/15-12),0))/24 -> 0.22369957 | ER17: =(IF(AND(D!$FN18<180),D!$GD18+(D!$FN18/15-12),0))/24 -> 0.15564081 | ES17: =(IF(AND(D!$FP18<180),D!$GD18+(D!$FP18/15-12),0))/24 -> 0.12726641 | ET17: =D!GD18/24 -> 0.51378241 | EU17: =(EX17+(D!GG18/2)) -> 0.48305641 | EV17: =(IF(AND(D!$FS18<180),D!$GD18-(D!$FS18/15),0))/24 -> 0.3122568 | EW17: =(IF(AND(D!$FU18<180),D!$GD18-(D!$FU18/15),0))/24 -> 0.30386524 | EX17: =(IF(AND(D!$FZ18<180),D!$GD18-(D!$GB18/15),0))/24 -> 0.24241324 | EY17: =TIME(HOUR(EX17),MINUTE(EX17)-5,MINUTE(EX17)) -> 0.23945602 | EZ17: 13
... A33: =(IF(AND(D!FC250<180),D!FG250+(D!FE250/15-12),0))/24 -> 0.277472 | B33: =(IF(AND(D!FA250<180),D!FG250+(D!FA250/15-12),0))/24 -> 0.25623576 | C33: =TIME(HOUR(D33),MINUTE(D33)+3,SECOND(D33)) -> 0.21722222 | D33: =(IF(AND(D!$EY250<180),D!$FG250+(D!$EY250/15-12),0))/24 -> 0.21513589 | E33: =(IF(AND(D!$ER250<180),D!$FG250+(D!$ER250/15-12),0))/24 -> 0.14705588 | F33: =(IF(AND(D!$ET250<180),D!$FG250+(D!$ET250/15-12),0))/24 -> 0.11930894 | G33: =D!FG250/24 -> 0.50919907 | H33: =(K33+(D!FK250/2)) -> 0.47803102 | I33: =(IF(AND(D!$EW250<180),D!$FG250-(D!$EW250/15),0))/24 -> 0.31182507 | J33: =(IF(AND(D!$EY250<180),D!$FG250-(D!$EY250/15),0))/24 -> 0.30326226 | K33: =(IF(AND(D!$FC250<180),D!$FG250-(D!$FE250/15),0))/24 -> 0.24092615 | L33: =TIME(HOUR(K33),MINUTE(K33)-5,MINUTE(K33)) -> 0.23733796 | M33: 29 | N33: =(IF(AND(D!FZ250<180),D!GD250+(D!GB250/15-12),0))/24 -> 0.2709146 | O33: =(IF(AND(D!FX250<180),D!GD250+(D!FX250/15-12),0))/24 -> 0.24990765 | P33: =TIME(HOUR(Q33),MINUTE(Q33)+3,SECOND(Q33)) -> 0.21150463 | Q33: =(IF(AND(D!$FU250<180),D!$GD250+(D!$FU250/15-12),0))/24 -> 0.20942134 | R33: =(IF(AND(D!$FN250<180),D!$GD250+(D!$FN250/15-12),0))/24 -> 0.14136263 | S33: =(IF(AND(D!$FP250<180),D!$GD250+(D!$FP250/15-12),0))/24 -> 0.11301919 | T33: =D!GD250/24 -> 0.49969907 | U33: =(X33+(D!GG250/2)) -> 0.46895244 | V33: =(IF(AND(D!$FS250<180),D!$GD250-(D!$FS250/15),0))/24 -> 0.29837638 | W33: =(IF(AND(D!$FU250<180),D!$GD250-(D!$FU250/15),0))/24 -> 0.28997681 | X33: =(IF(AND(D!$FZ250<180),D!$GD250-(D!$GB250/15),0))/24 -> 0.22848355 | Y33: =TIME(HOUR(X33),MINUTE(X33)-5,MINUTE(X33)) -> 0.22533565 | Z33: 29 | AA33: =(IF(AND(D!FC208<180),D!FG208+(D!FE208/15-12),0))/24 -> 0.28180433 | AB33: =(IF(AND(D!FA208<180),D!FG208+(D!FA208/15-12),0))/24 -> 0.26149482 | AC33: =TIME(HOUR(AD33),MINUTE(AD33)+3,SECOND(AD33)) -> 0.22513889 | AD33: =(IF(AND(D!$EY208<180),D!$FG208+(D!$EY208/15-12),0))/24 -> 0.22305445 | AE33: =(IF(AND(D!$ER208<180),D!$FG208+(D!$ER208/15-12),0))/24 -> 0.15447053 | AF33: =(IF(AND(D!$ET208<180),D!$FG208+(D!$ET208/15-12),0))/24 -> 0.12330507 | AG33: =D!FG208/24 -> 0.49649074 | AH33: =(AK33+(D!FK208/2)) -> 0.4671158 | AI33: =(IF(AND(D!$EW208<180),D!$FG208-(D!$EW208/15),0))/24 -> 0.27776867 | AJ33: =(IF(AND(D!$EY208<180),D!$FG208-(D!$EY208/15),0))/24 -> 0.26992703 | AK33: =(IF(AND(D!$FC208<180),D!$FG208-(D!$FE208/15),0))/24 -> 0.21117715 | AL33: =TIME(HOUR(AK33),MINUTE(AK33)-10,MINUTE(AK33)) -> 0.20421296 | AM33: 29 | AN33: =(IF(AND(D!FZ208<180),D!GD208+(D!GB208/15-12),0))/24 -> 0.30694695 | AO33: =(IF(AND(D!FX208<180),D!GD208+(D!FX208/15-12),0))/24 -> 0.28659831 | AP33: =TIME(HOUR(AQ33),MINUTE(AQ33)+3,SECOND(AQ33)) -> 0.25108796 | AQ33: =(IF(AND(D!$FU208<180),D!$GD208+(D!$FU208/15-12),0))/24 -> 0.24900404 | AR33: =(IF(AND(D!$FN208<180),D!$GD208+(D!$FN208/15-12),0))/24 -> 0.1777203 | AS33: =(IF(AND(D!$FP208<180),D!$GD208+(D!$FP208/15-12),0))/24 -> 0.1422284 | AT33: =D!GD208/24 -> 0.50107407 | AU33: =(AX33+(D!GG208/2)) -> 0.47210262 | AV33: =(IF(AND(D!$FS208<180),D!$GD208-(D!$FS208/15),0))/24 -> 0.26066686 | AW33: =(IF(AND(D!$FU208<180),D!$GD208-(D!$FU208/15),0))/24 -> 0.25314411 | AX33: =(IF(AND(D!$FZ208<180),D!$GD208-(D!$GB208/15),0))/24 -> 0.1952012 | AY33: =TIME(HOUR(AX33),MINUTE(AX33)-10,MINUTE(AX33)) -> 0.18866898 | AZ33: 29 | BA33: =(IF(AND(D!FC166<180),D!FG166+(D!FE166/15-12),0))/24 -> 0.33991418 | BB33: =(IF(AND(D!FA166<180),D!FG166+(D!FA166/15-12),0))/24 -> 0.31805256 | BC33: =TIME(HOUR(BD33),MINUTE(BD33)+3,SECOND(BD33)) -> 0.28106481 | BD33: =(IF(AND(D!$EY166<180),D!$FG166+(D!$EY166/15-12),0))/24 -> 0.27898043 | BE33: =(IF(AND(D!$ER166<180),D!$FG166+(D!$ER166/15-12),0))/24 -> 0.20159536 | BF33: =(IF(AND(D!$ET166<180),D!$FG166+D!$ET166/15-12,0))/24 -> 0.1600732 | BG33: =D!FG166/24 -> 0.50849074 | BH33: =(BK33+(D!FK166/2)) -> 0.47802387 | BI33: =(IF(AND(D!$EW166<180),D!$FG166-(D!$EW166/15),0))/24 -> 0.24565098 | BJ33: =(IF(AND(D!$EY166<180),D!$FG166-(D!$EY166/15),0))/24 -> 0.23800105 | BK33: =(IF(AND(D!$FC166<180),D!$FG166-(D!$FE166/15),0))/24 -> 0.1770673 | BL33: =TIME(HOUR(BK33),MINUTE(BK33)-10,MINUTE(BK33)) -> 0.16960648 | BM33: 29 | BN33: =(IF(AND(D!FZ166<180),D!GD166+(D!GB166/15-12),0))/24 -> 0.36982361 | BO33: =(IF(AND(D!FX166<180),D!GD166+(D!FX166/15-12),0))/24 -> 0.34493731 | BP33: =TIME(HOUR(BQ33),MINUTE(BQ33)+3,SECOND(BQ33)) -> 0.30445602 | BQ33: =(IF(AND(D!$FU166<180),D!$GD166+(D!$FU166/15-12),0))/24 -> 0.30237843 | BR33: =(IF(AND(D!$FN166<180),D!$GD166+(D!$FN166/15-12),0))/24 -> 0.21671862 | BS33: =(IF(AND(D!$FP166<180),D!$GD166+(D!$FP166/15-12),0))/24 -> 0.1685011 | BT33: =D!GD166/24 -> 0.51236574 | BU33: =(BX33+(D!GG166/2)) -> 0.47864315 | BV33: =(IF(AND(D!$FS166<180),D!$GD166-(D!$FS166/15),0))/24 -> 0.23048543 | BW33: =(IF(AND(D!$FU166<180),D!$GD166-(D!$FU166/15),0))/24 -> 0.22235306 | BX33: =(IF(AND(D!$FZ166<180),D!$GD166-(D!$GB166/15),0))/24 -> 0.15490787 | BY33: =TIME(HOUR(BX33),MINUTE(BX33)-10,MINUTE(BX33)) -> 0.14841435 | BZ33: 29 | CA33: =(IF(AND(D!FC125<180),D!FG125+D!FE125/15-12,0))/24 -> 0.38362333 | CB33: =(IF(AND(D!FA125<180),D!FG125+D!FA125/15-12,0))/24 -> 0.35614332 | CC33: =TIME(HOUR(CD33),MINUTE(CD33)+3,SECOND(CD33)) -> 0.31284722 | CD33: =(IF(AND(D!$EY125<180),D!$FG125+(D!$EY125/15-12),0))/24 -> 0.31075976 | CE33: =(IF(AND(D!$ER125<180),D!$FG125+(D!$ER125/15-12),0))/24 -> 0.21956695 | CF33: =(IF(AND(D!$ET125<180),D!$FG125+(D!$ET125/15-12),0))/24 -> 0.16721851 | CG33: =D!FG125/24 -> 0.51032407 | CH33: =(CK33+(D!FK125/2)) -> 0.47389229 | CI33: =(IF(AND(D!$EW125<180),D!$FG125-(D!$EW125/15),0))/24 -> 0.21841544 | CJ33: =(IF(AND(D!$EY125<180),D!$FG125-(D!$EY125/15),0))/24 -> 0.20988839 | CK33: =(IF(AND(D!$FC125<180),D!$FG125-(D!$FE125/15),0))/24 -> 0.13702482 | CL33: =TIME(HOUR(CK33),MINUTE(CK33)-10,MINUTE(CK33)) -> 0.13005787 | CM33: 29 | CN33: =(IF(AND(D!FZ125<180),D!GD125+(D!GB125/15-12),0))/24 -> 0.37376428 | CO33: =(IF(AND(D!FX125<180),D!GD125+(D!FX125/15-12),0))/24 -> 0.34727241 | CP33: =TIME(HOUR(CQ33),MINUTE(CQ33)+3,SECOND(CQ33)) -> 0.30502315 | CQ33: =(IF(AND(D!$FU125<180),D!$GD125+(D!$FU125/15-12),0))/24 -> 0.30293963 | CR33: =(IF(AND(D!$FN125<180),D!$GD125+(D!$FN125/15-12),0))/24 -> 0.21372601 | CS33: =(IF(AND(D!$FP125<180),D!$GD125+(D!$FP125/15-12),0))/24 -> 0.16283371 | CT33: =D!GD125/24 -> 0.50607407 | CU33: =(CX33+(D!GG125/2)) -> 0.47745029 | CV33: =(IF(AND(D!$FS125<180),D!$GD125-(D!$FS125/15),0))/24 -> 0.21758975 | CW33: =(IF(AND(D!$FU125<180),D!$GD125-(D!$FU125/15),0))/24 -> 0.20920851 | CX33: =(IF(AND(D!$FZ125<180),D!$GD125-(D!$FZ125/15),0))/24 -> 0.15196095 | CY33: =TIME(HOUR(CX33),MINUTE(CX33)-10,MINUTE(CX33)) -> 0.14488426 | CZ33: 29 | DA33: =(IF(AND(D!FC79<180),D!FG79+(D!FC79/15-12),0))/24 -> 0.3395907 | DB33: =(IF(AND(D!FA79<180),D!FG79+(D!FA79/15-12),0))/24 -> 0.32810491 | DC33: =TIME(HOUR(DD33),MINUTE(DD33)+3,SECOND(DD33)) -> 0.28944444 | DD33: =(IF(AND(D!$EY79<180),D!$FG79+(D!$EY79/15-12),0))/24 -> 0.28736151 | DE33: =(IF(AND(D!$ER79<180),D!$FG79+(D!$ER79/15-12),0))/24 -> 0.20570815 | DF33: =(IF(AND(D!$ET79<180),D!$FG79+(D!$ET79/15-12),0))/24 -> 0.16062688 | DG33: =D!FG79/24 -> 0.50599074 | DH33: =(DK33+(D!FK79/2)) -> 0.47396729 | DI33: =(IF(AND(D!$EW79<180),D!$FG79-(D!$EW79/15),0))/24 -> 0.23249709 | DJ33: =(IF(AND(D!$EY79<180),D!$FG79-(D!$EY79/15),0))/24 -> 0.22461997 | DK33: =(IF(AND(D!$FC79<180),D!$FG79-(D!$FE79/15),0))/24 -> 0.16057308 | DL33: =TIME(HOUR(DK33),MINUTE(DK33)-10,MINUTE(DK33)) -> 0.1540625 | DM33: 29 | DN33: =(IF(AND(D!FZ79<180),D!GD79+D!GB79/15-12,0))/24 -> 0.32957641 | DO33: =(IF(AND(D!FX79<180),D!GD79+D!FX79/15-12,0))/24 -> 0.30866755 | DP33: =TIME(HOUR(DQ33),MINUTE(DQ33)+3,SECOND(DQ33)) -> 0.27271991 | DQ33: =(IF(AND(D!$EY79<180),D!GD79+(D!FU79/15-12),0))/24 -> 0.27063546 | DR33: =(IF(AND(D!$FN79<180),D!GD79+(D!FN79/15-12),0))/24 -> 0.1966713 | DS33: =(IF(AND(D!$FP79<180),D!GD79+(D!FP79/15-12),0))/24 -> 0.15829913 | DT33: =D!GD79/24 -> 0.51111574 | DU33: =(DX33+(D!GG79/2)) -> 0.48164527 | DV33: =(IF(AND(D!FS79<180),D!GD79-(D!FS79/15),0))/24 -> 0.25912539 | DW33: =(IF(AND(D!FU79<180),D!GD79-(D!FU79/15),0))/24 -> 0.25159602 | DX33: =(IF(AND(D!$FC79<180),D!GD79-(D!GB79/15),0))/24 -> 0.19265507 | DY33: =TIME(HOUR(DX33),MINUTE(DX33)-10,MINUTE(DX33)) -> 0.18584491 | DZ33: 29 | EA33: =(IF(AND(D!$FC34<180),D!$FG34+D!$FE34/15-12,0))/24 -> 0.31214627 | EB33: =(IF(AND(D!$FA34<180),D!$FG34+D!$FA34/15-12,0))/24 -> 0.29196163 | EC33: =TIME(HOUR(ED33),MINUTE(ED33)+3,SECOND(ED33)) -> 0.25630787 | ED33: =(IF(AND(D!$EY34<180),D!FG34+(D!EY34/15-12),0))/24 -> 0.25422083 | EE33: =(IF(AND(D!$ER34<180),D!FG34+(D!ER34/15-12),0))/24 -> 0.18455891 | EF33: =(IF(AND(D!$ET34<180),D!FG34+(D!ET34/15-12),0))/24 -> 0.15126921 | EG33: =D!FG34/24 -> 0.51649074 | EH33: =(EK33+(D!FK34/2)) -> 0.48752802 | EI33: =(IF(AND(D!EW34<180),D!FG34-(D!EW34/15),0))/24 -> 0.28638175 | EJ33: =(IF(AND(D!EY34<180),D!FG34-(D!EY34/15),0))/24 -> 0.27876065 | EK33: =(IF(AND(D!$FC34<180),D!$FG34-(D!$FE34/15),0))/24 -> 0.22083521 | EL33: =TIME(HOUR(EK33),MINUTE(EK33)-10,MINUTE(EK33)) -> 0.21409722 | EM33: 29 | EN33: =(IF(AND(D!FZ34<180),D!GD34+(D!GB34/15-12),0))/24 -> 0.29451968 | EO33: =(IF(AND(D!$FX34<180),D!$GD34+(D!$FX34/15-12),0))/24 -> 0.27391117 | EP33: =TIME(HOUR(EQ33),MINUTE(EQ33)+3,SECOND(EQ33)) -> 0.23662037 | EQ33: =(IF(AND(D!$FU34<180),D!$GD34+(D!$FU34/15-12),0))/24 -> 0.2345325 | ER33: =(IF(AND(D!$FN34<180),D!$GD34+(D!$FN34/15-12),0))/24 -> 0.16636694 | ES33: =(IF(AND(D!$FP34<180),D!$GD34+(D!$FP34/15-12),0))/24 -> 0.13673476 | ET33: =D!GD34/24 -> 0.51686574 | EU33: =(EX33+(D!GG34/2)) -> 0.48687215 | EV33: =(IF(AND(D!$FS34<180),D!$GD34-(D!$FS34/15),0))/24 -> 0.30730137 | EW33: =(IF(AND(D!$FU34<180),D!$GD34-(D!$FU34/15),0))/24 -> 0.29919898 | EX33: =(IF(AND(D!$FZ34<180),D!$GD34-(D!$GB34/15),0))/24 -> 0.2392118 | EY33: =TIME(HOUR(EX33),MINUTE(EX33)-5,MINUTE(EX33)) -> 0.23592593 | EZ33: 29
A34: =(IF(AND(D!FC251<180),D!FG251+(D!FE251/15-12),0))/24 -> 0.27791869 | B34: =(IF(AND(D!FA251<180),D!FG251+(D!FA251/15-12),0))/24 -> 0.25669185 | C34: =TIME(HOUR(D34),MINUTE(D34)+3,SECOND(D34)) -> 0.21769676 | D34: =(IF(AND(D!$EY251<180),D!$FG251+(D!$EY251/15-12),0))/24 -> 0.21561694 | E34: =(IF(AND(D!$ER251<180),D!$FG251+(D!$ER251/15-12),0))/24 -> 0.14753851 | F34: =(IF(AND(D!$ET251<180),D!$FG251+(D!$ET251/15-12),0))/24 -> 0.11976846 | G34: =D!FG251/24 -> 0.50953241 | H34: =(K34+(D!FK251/2)) -> 0.47838153 | I34: =(IF(AND(D!$EW251<180),D!$FG251-(D!$EW251/15),0))/24 -> 0.31200406 | J34: =(IF(AND(D!$EY251<180),D!$FG251-(D!$EY251/15),0))/24 -> 0.30344788 | K34: =(IF(AND(D!$FC251<180),D!$FG251-(D!$FE251/15),0))/24 -> 0.24114612 | L34: =TIME(HOUR(K34),MINUTE(K34)-5,MINUTE(K34)) -> 0.23804398 | M34: 30 | N34: =(IF(AND(D!FZ251<180),D!GD251+(D!GB251/15-12),0))/24 -> 0.2708767 | O34: =(IF(AND(D!FX251<180),D!GD251+(D!FX251/15-12),0))/24 -> 0.24984865 | P34: =TIME(HOUR(Q34),MINUTE(Q34)+3,SECOND(Q34)) -> 0.21138889 | Q34: =(IF(AND(D!$FU251<180),D!$GD251+(D!$FU251/15-12),0))/24 -> 0.20930541 | R34: =(IF(AND(D!$FN251<180),D!$GD251+(D!$FN251/15-12),0))/24 -> 0.14124649 | S34: =(IF(AND(D!$FP251<180),D!$GD251+(D!$FP251/15-12),0))/24 -> 0.11296111 | T34: =D!GD251/24 -> 0.49994907 | U34: =(X34+(D!GG251/2)) -> 0.46916343 | V34: =(IF(AND(D!$FS251<180),D!$GD251-(D!$FS251/15),0))/24 -> 0.29900748 | W34: =(IF(AND(D!$FU251<180),D!$GD251-(D!$FU251/15),0))/24 -> 0.29059274 | X34: =(IF(AND(D!$FZ251<180),D!$GD251-(D!$GB251/15),0))/24 -> 0.22902145 | Y34: =TIME(HOUR(X34),MINUTE(X34)-5,MINUTE(X34)) -> 0.22533565 | Z34: 30 | AA34: =(IF(AND(D!FC209<180),D!FG209+(D!FE209/15-12),0))/24 -> 0.28117521 | AB34: =(IF(AND(D!FA209<180),D!FG209+(D!FA209/15-12),0))/24 -> 0.26084922 | AC34: =TIME(HOUR(AD34),MINUTE(AD34)+3,SECOND(AD34)) -> 0.22443287 | AD34: =(IF(AND(D!$EY209<180),D!$FG209+(D!$EY209/15-12),0))/24 -> 0.22235036 | AE34: =(IF(AND(D!$ER209<180),D!$FG209+(D!$ER209/15-12),0))/24 -> 0.15380999 | AF34: =(IF(AND(D!$ET209<180),D!$FG209+(D!$ET209/15-12),0))/24 -> 0.12276289 | AG34: =D!FG209/24 -> 0.49644907 | AH34: =(AK34+(D!FK209/2)) -> 0.46703665 | AI34: =(IF(AND(D!$EW209<180),D!$FG209-(D!$EW209/15),0))/24 -> 0.27840623 | AJ34: =(IF(AND(D!$EY209<180),D!$FG209-(D!$EY209/15),0))/24 -> 0.27054779 | AK34: =(IF(AND(D!$FC209<180),D!$FG209-(D!$FE209/15),0))/24 -> 0.21172294 | AL34: =TIME(HOUR(AK34),MINUTE(AK34)-10,MINUTE(AK34)) -> 0.20421296 | AM34: 30 | AN34: =(IF(AND(D!FZ209<180),D!GD209+(D!GB209/15-12),0))/24 -> 0.30597475 | AO34: =(IF(AND(D!FX209<180),D!GD209+(D!FX209/15-12),0))/24 -> 0.28564767 | AP34: =TIME(HOUR(AQ34),MINUTE(AQ34)+3,SECOND(AQ34)) -> 0.25013889 | AQ34: =(IF(AND(D!$FU209<180),D!$GD209+(D!$FU209/15-12),0))/24 -> 0.24805915 | AR34: =(IF(AND(D!$FN209<180),D!$GD209+(D!$FN209/15-12),0))/24 -> 0.17691478 | AS34: =(IF(AND(D!$FP209<180),D!$GD209+(D!$FP209/15-12),0))/24 -> 0.14159164 | AT34: =D!GD209/24 -> 0.50086574 | AU34: =(AX34+(D!GG209/2)) -> 0.47190794 | AV34: =(IF(AND(D!$FS209<180),D!$GD209-(D!$FS209/15),0))/24 -> 0.2611989 | AW34: =(IF(AND(D!$FU209<180),D!$GD209-(D!$FU209/15),0))/24 -> 0.25367233 | AX34: =(IF(AND(D!$FZ209<180),D!$GD209-(D!$GB209/15),0))/24 -> 0.19575673 | AY34: =TIME(HOUR(AX34),MINUTE(AX34)-10,MINUTE(AX34)) -> 0.18866898 | AZ34: 30 | BA34: =(IF(AND(D!FC167<180),D!FG167+(D!FE167/15-12),0))/24 -> 0.3388429 | BB34: =(IF(AND(D!FA167<180),D!FG167+(D!FA167/15-12),0))/24 -> 0.31705631 | BC34: =TIME(HOUR(BD34),MINUTE(BD34)+3,SECOND(BD34)) -> 0.28015046 | BD34: =(IF(AND(D!$EY167<180),D!$FG167+(D!$EY167/15-12),0))/24 -> 0.27806972 | BE34: =(IF(AND(D!$ER167<180),D!$FG167+(D!$ER167/15-12),0))/24 -> 0.20093014 | BF34: =(IF(AND(D!$ET167<180),D!$FG167+D!$ET167/15-12,0))/24 -> 0.1596227 | BG34: =D!FG167/24 -> 0.50828241 | BH34: =(BK34+(D!FK167/2)) -> 0.47789582 | BI34: =(IF(AND(D!$EW167<180),D!$FG167-(D!$EW167/15),0))/24 -> 0.24613402 | BJ34: =(IF(AND(D!$EY167<180),D!$FG167-(D!$EY167/15),0))/24 -> 0.23849509 | BK34: =(IF(AND(D!$FC167<180),D!$FG167-(D!$FE167/15),0))/24 -> 0.17772192 | BL34: =TIME(HOUR(BK34),MINUTE(BK34)-10,MINUTE(BK34)) -> 0.1703125 | BM34: 30 | BN34: =(IF(AND(D!FZ167<180),D!GD167+(D!GB167/15-12),0))/24 -> 0.36906071 | BO34: =(IF(AND(D!FX167<180),D!GD167+(D!FX167/15-12),0))/24 -> 0.34428433 | BP34: =TIME(HOUR(BQ34),MINUTE(BQ34)+3,SECOND(BQ34)) -> 0.30393519 | BQ34: =(IF(AND(D!$FU167<180),D!$GD167+(D!$FU167/15-12),0))/24 -> 0.30184966 | BR34: =(IF(AND(D!$FN167<180),D!$GD167+(D!$FN167/15-12),0))/24 -> 0.21645039 | BS34: =(IF(AND(D!$FP167<180),D!$GD167+(D!$FP167/15-12),0))/24 -> 0.16843247 | BT34: =D!GD167/24 -> 0.51236574 | BU34: =(BX34+(D!GG167/2)) -> 0.47876022 | BV34: =(IF(AND(D!$FS167<180),D!$GD167-(D!$FS167/15),0))/24 -> 0.2309967 | BW34: =(IF(AND(D!$FU167<180),D!$GD167-(D!$FU167/15),0))/24 -> 0.22288182 | BX34: =(IF(AND(D!$FZ167<180),D!$GD167-(D!$GB167/15),0))/24 -> 0.15567078 | BY34: =TIME(HOUR(BX34),MINUTE(BX34)-10,MINUTE(BX34)) -> 0.14912037 | BZ34: 30 | CA34: =(IF(AND(D!FC126<180),D!FG126+D!FE126/15-12,0))/24 -> 0.38351955 | CB34: =(IF(AND(D!FA126<180),D!FG126+D!FA126/15-12,0))/24 -> 0.3560814 | CC34: =TIME(HOUR(CD34),MINUTE(CD34)+3,SECOND(CD34)) -> 0.31282407 | CD34: =(IF(AND(D!$EY126<180),D!$FG126+(D!$EY126/15-12),0))/24 -> 0.3107417 | CE34: =(IF(AND(D!$ER126<180),D!$FG126+(D!$ER126/15-12),0))/24 -> 0.21962985 | CF34: =(IF(AND(D!$ET126<180),D!$FG126+(D!$ET126/15-12),0))/24 -> 0.16734055 | CG34: =D!FG126/24 -> 0.51044907 | CH34: =(CK34+(D!FK126/2)) -> 0.47406015 | CI34: =(IF(AND(D!$EW126<180),D!$FG126-(D!$EW126/15),0))/24 -> 0.21867745 | CJ34: =(IF(AND(D!$EY126<180),D!$FG126-(D!$EY126/15),0))/24 -> 0.21015645 | CK34: =(IF(AND(D!$FC126<180),D!$FG126-(D!$FE126/15),0))/24 -> 0.1373786 | CL34: =TIME(HOUR(CK34),MINUTE(CK34)-10,MINUTE(CK34)) -> 0.13005787 | CM34: 30 | CN34: =(IF(AND(D!FZ126<180),D!GD126+(D!GB126/15-12),0))/24 -> 0.37442336 | CO34: =(IF(AND(D!FX126<180),D!GD126+(D!FX126/15-12),0))/24 -> 0.34784079 | CP34: =TIME(HOUR(CQ34),MINUTE(CQ34)+3,SECOND(CQ34)) -> 0.30549769 | CQ34: =(IF(AND(D!$FU126<180),D!$GD126+(D!$FU126/15-12),0))/24 -> 0.30341022 | CR34: =(IF(AND(D!$FN126<180),D!$GD126+(D!$FN126/15-12),0))/24 -> 0.21400878 | CS34: =(IF(AND(D!$FP126<180),D!$GD126+(D!$FP126/15-12),0))/24 -> 0.16297736 | CT34: =D!GD126/24 -> 0.50619907 | CU34: =(CX34+(D!GG126/2)) -> 0.47750637 | CV34: =(IF(AND(D!$FS126<180),D!$GD126-(D!$FS126/15),0))/24 -> 0.21738279 | CW34: =(IF(AND(D!$FU126<180),D!$GD126-(D!$FU126/15),0))/24 -> 0.20898792 | CX34: =(IF(AND(D!$FZ126<180),D!$GD126-(D!$FZ126/15),0))/24 -> 0.15160251 | CY34: =TIME(HOUR(CX34),MINUTE(CX34)-10,MINUTE(CX34)) -> 0.14488426 | CZ34: 30 | DA34: =(IF(AND(D!FC80<180),D!FG80+(D!FC80/15-12),0))/24 -> 0.34031196 | DB34: =(IF(AND(D!FA80<180),D!FG80+(D!FA80/15-12),0))/24 -> 0.32877966 | DC34: =TIME(HOUR(DD34),MINUTE(DD34)+3,SECOND(DD34)) -> 0.29 | DD34: =(IF(AND(D!$EY80<180),D!$FG80+(D!$EY80/15-12),0))/24 -> 0.28791728 | DE34: =(IF(AND(D!$ER80<180),D!$FG80+(D!$ER80/15-12),0))/24 -> 0.20598614 | DF34: =(IF(AND(D!$ET80<180),D!$FG80+(D!$ET80/15-12),0))/24 -> 0.16068223 | DG34: =D!FG80/24 -> 0.50590741 | DH34: =(DK34+(D!FK80/2)) -> 0.47377321 | DI34: =(IF(AND(D!$EW80<180),D!$FG80-(D!$EW80/15),0))/24 -> 0.23179128 | DJ34: =(IF(AND(D!$EY80<180),D!$FG80-(D!$EY80/15),0))/24 -> 0.22389754 | DK34: =(IF(AND(D!$FC80<180),D!$FG80-(D!$FE80/15),0))/24 -> 0.15962915 | DL34: =TIME(HOUR(DK34),MINUTE(DK34)-10,MINUTE(DK34)) -> 0.15265046 | DM34: 30 | DN34: =(IF(AND(D!FZ80<180),D!GD80+D!GB80/15-12,0))/24 -> 0.33015058 | DO34: =(IF(AND(D!FX80<180),D!GD80+D!FX80/15-12,0))/24 -> 0.30925344 | DP34: =TIME(HOUR(DQ34),MINUTE(DQ34)+3,SECOND(DQ34)) -> 0.27325231 | DQ34: =(IF(AND(D!$EY80<180),D!GD80+(D!FU80/15-12),0))/24 -> 0.2711705 | DR34: =(IF(AND(D!$FN80<180),D!GD80+(D!FN80/15-12),0))/24 -> 0.19700219 | DS34: =(IF(AND(D!$FP80<180),D!GD80+(D!FP80/15-12),0))/24 -> 0.15843005 | DT34: =D!GD80/24 -> 0.51090741 | DU34: =(DX34+(D!GG80/2)) -> 0.48141737 | DV34: =(IF(AND(D!FS80<180),D!GD80-(D!FS80/15),0))/24 -> 0.25817836 | DW34: =(IF(AND(D!FU80<180),D!GD80-(D!FU80/15),0))/24 -> 0.25064431 | DX34: =(IF(AND(D!$FC80<180),D!GD80-(D!GB80/15),0))/24 -> 0.19166424 | DY34: =TIME(HOUR(DX34),MINUTE(DX34)-10,MINUTE(DX34)) -> 0.18513889 | DZ34: 30 | EN34: =(IF(AND(D!FZ35<180),D!GD35+(D!GB35/15-12),0))/24 -> 0.29512561 | EO34: =(IF(AND(D!$FX35<180),D!$GD35+(D!$FX35/15-12),0))/24 -> 0.27454134 | EP34: =TIME(HOUR(EQ34),MINUTE(EQ34)+3,SECOND(EQ34)) -> 0.23731481 | EQ34: =(IF(AND(D!$FU35<180),D!$GD35+(D!$FU35/15-12),0))/24 -> 0.23523322 | ER34: =(IF(AND(D!$FN35<180),D!$GD35+(D!$FN35/15-12),0))/24 -> 0.16705086 | ES34: =(IF(AND(D!$FP35<180),D!$GD35+(D!$FP35/15-12),0))/24 -> 0.13732275 | ET34: =D!GD35/24 -> 0.51699074 | EU34: =(EX34+(D!GG35/2)) -> 0.48704455 | EV34: =(IF(AND(D!$FS35<180),D!$GD35-(D!$FS35/15),0))/24 -> 0.30683148 | EW34: =(IF(AND(D!$FU35<180),D!$GD35-(D!$FU35/15),0))/24 -> 0.29874826 | EX34: =(IF(AND(D!$FZ35<180),D!$GD35-(D!$GB35/15),0))/24 -> 0.23885588 | EY34: =TIME(HOUR(EX34),MINUTE(EX34)-5,MINUTE(EX34)) -> 0.23521991 | EZ34: 30
A35: =(IF(AND(D!FC252<180),D!FG252+(D!FC252/15-12),0))/24 -> 0.26782818 | B35: =(IF(AND(D!FA252<180),D!FG252+(D!FA252/15-12),0))/24 -> 0.25716321 | C35: =TIME(HOUR(D35),MINUTE(D35)+3,SECOND(D35)) -> 0.21819444 | D35: =(IF(AND(D!$EY252<180),D!$FG252+(D!$EY252/15-12),0))/24 -> 0.21611623 | E35: =(IF(AND(D!$ER252<180),D!$FG252+(D!$ER252/15-12),0))/24 -> 0.14803953 | F35: =(IF(AND(D!$ET252<180),D!$FG252+(D!$ET252/15-12),0))/24 -> 0.12024348 | G35: =D!FG252/24 -> 0.50986574 | H35: =(K35+(D!FK252/2)) -> 0.47873409 | I35: =(IF(AND(D!$EW252<180),D!$FG252-(D!$EW252/15),0))/24 -> 0.312164 | J35: =(IF(AND(D!$EY252<180),D!$FG252-(D!$EY252/15),0))/24 -> 0.30361525 | K35: =(IF(AND(D!$FC252<180),D!$FG252-(D!$FE252/15),0))/24 -> 0.24135195 | L35: =TIME(HOUR(K35),MINUTE(K35)-5,MINUTE(K35)) -> 0.23804398 | M35: 31 | AA35: =(IF(AND(D!FC210<180),D!FG210+(D!FE210/15-12),0))/24 -> 0.28055412 | AB35: =(IF(AND(D!FA210<180),D!FG210+(D!FA210/15-12),0))/24 -> 0.26021084 | AC35: =TIME(HOUR(AD35),MINUTE(AD35)+3,SECOND(AD35)) -> 0.22373843 | AD35: =(IF(AND(D!$EY210<180),D!$FG210+(D!$EY210/15-12),0))/24 -> 0.22165218 | AE35: =(IF(AND(D!$ER210<180),D!$FG210+(D!$ER210/15-12),0))/24 -> 0.1531529 | AF35: =(IF(AND(D!$ET210<180),D!$FG210+(D!$ET210/15-12),0))/24 -> 0.12222235 | AG35: =D!FG210/24 -> 0.49640741 | AH35: =(AK35+(D!FK210/2)) -> 0.46695643 | AI35: =(IF(AND(D!$EW210<180),D!$FG210-(D!$EW210/15),0))/24 -> 0.27903815 | AJ35: =(IF(AND(D!$EY210<180),D!$FG210-(D!$EY210/15),0))/24 -> 0.27116264 | AK35: =(IF(AND(D!$FC210<180),D!$FG210-(D!$FE210/15),0))/24 -> 0.21226069 | AL35: =TIME(HOUR(AK35),MINUTE(AK35)-10,MINUTE(AK35)) -> 0.20491898 | AM35: 31 | AY35: =TIME(HOUR(AX35),MINUTE(AX35)-10,MINUTE(AX35)) -> #NUM! | BA35: =(IF(AND(D!FC168<180),D!FG168+(D!FE168/15-12),0))/24 -> 0.3377297 | BB35: =(IF(AND(D!FA168<180),D!FG168+(D!FA168/15-12),0))/24 -> 0.31601655 | BC35: =TIME(HOUR(BD35),MINUTE(BD35)+3,SECOND(BD35)) -> 0.27920139 | BD35: =(IF(AND(D!$EY168<180),D!$FG168+(D!$EY168/15-12),0))/24 -> 0.27711332 | BE35: =(IF(AND(D!$ER168<180),D!$FG168+(D!$ER168/15-12),0))/24 -> 0.20021696 | BF35: =(IF(AND(D!$ET168<180),D!$FG168+D!$ET168/15-12,0))/24 -> 0.15912365 | BG35: =D!FG168/24 -> 0.50803241 | BH35: =(BK35+(D!FK168/2)) -> 0.47772422 | BI35: =(IF(AND(D!$EW168<180),D!$FG168-(D!$EW168/15),0))/24 -> 0.2465798 | BJ35: =(IF(AND(D!$EY168<180),D!$FG168-(D!$EY168/15),0))/24 -> 0.23895149 | BK35: =(IF(AND(D!$FC168<180),D!$FG168-(D!$FE168/15),0))/24 -> 0.17833512 | BL35: =TIME(HOUR(BK35),MINUTE(BK35)-10,MINUTE(BK35)) -> 0.17101852 | BM35: 31 | BN35: =(IF(AND(D!FZ168<180),D!GD168+(D!GB168/15-12),0))/24 -> 0.36824693 | BO35: =(IF(AND(D!FX168<180),D!GD168+(D!FX168/15-12),0))/24 -> 0.34358045 | BP35: =TIME(HOUR(BQ35),MINUTE(BQ35)+3,SECOND(BQ35)) -> 0.30335648 | BQ35: =(IF(AND(D!$FU168<180),D!$GD168+(D!$FU168/15-12),0))/24 -> 0.30127029 | BR35: =(IF(AND(D!$FN168<180),D!$GD168+(D!$FN168/15-12),0))/24 -> 0.21613392 | BS35: =(IF(AND(D!$FP168<180),D!$GD168+(D!$FP168/15-12),0))/24 -> 0.16831796 | BT35: =D!GD168/24 -> 0.51232407 | BU35: =(BX35+(D!GG168/2)) -> 0.47883576 | BV35: =(IF(AND(D!$FS168<180),D!$GD168-(D!$FS168/15),0))/24 -> 0.23147519 | BW35: =(IF(AND(D!$FU168<180),D!$GD168-(D!$FU168/15),0))/24 -> 0.22337786 | BX35: =(IF(AND(D!$FZ168<180),D!$GD168-(D!$GB168/15),0))/24 -> 0.15640122 | BY35: =TIME(HOUR(BX35),MINUTE(BX35)-10,MINUTE(BX35)) -> 0.14982639 | BZ35: 31 | CN35: =(IF(AND(D!FZ127<180),D!GD127+(D!GB127/15-12),0))/24 -> 0.37501882 | CO35: =(IF(AND(D!FX127<180),D!GD127+(D!FX127/15-12),0))/24 -> 0.34834862 | CP35: =TIME(HOUR(CQ35),MINUTE(CQ35)+3,SECOND(CQ35)) -> 0.30590278 | CQ35: =(IF(AND(D!$FU127<180),D!$GD127+(D!$FU127/15-12),0))/24 -> 0.30382382 | CR35: =(IF(AND(D!$FN127<180),D!$GD127+(D!$FN127/15-12),0))/24 -> 0.21424213 | CS35: =(IF(AND(D!$FP127<180),D!$GD127+(D!$FP127/15-12),0))/24 -> 0.16307739 | CT35: =D!GD127/24 -> 0.50628241 | CU35: =(CX35+(D!GG127/2)) -> 0.47752326 | CV35: =(IF(AND(D!$FS127<180),D!$GD127-(D!$FS127/15),0))/24 -> 0.21714898 | CW35: =(IF(AND(D!$FU127<180),D!$GD127-(D!$FU127/15),0))/24 -> 0.208741 | CX35: =(IF(AND(D!$FZ127<180),D!$GD127-(D!$FZ127/15),0))/24 -> 0.1512227 | CY35: =TIME(HOUR(CX35),MINUTE(CX35)-10,MINUTE(CX35)) -> 0.14417824 | CZ35: 31 | DN35: =(IF(AND(D!FZ81<180),D!GD81+D!GB81/15-12,0))/24 -> 0.3307248 | DO35: =(IF(AND(D!FX81<180),D!GD81+D!FX81/15-12,0))/24 -> 0.30983916 | DP35: =TIME(HOUR(DQ35),MINUTE(DQ35)+3,SECOND(DQ35)) -> 0.27378472 | DQ35: =(IF(AND(D!$EY81<180),D!GD81+(D!FU81/15-12),0))/24 -> 0.27170276 | DR35: =(IF(AND(D!$FN81<180),D!GD81+(D!FN81/15-12),0))/24 -> 0.1973271 | DS35: =(IF(AND(D!$FP81<180),D!GD81+(D!FP81/15-12),0))/24 -> 0.15855384 | DT35: =D!GD81/24 -> 0.51069907 | DU35: =(DX35+(D!GG81/2)) -> 0.48118806 | DV35: =(IF(AND(D!FS81<180),D!GD81-(D!FS81/15),0))/24 -> 0.25723461 | DW35: =(IF(AND(D!FU81<180),D!GD81-(D!FU81/15),0))/24 -> 0.24969538 | DX35: =(IF(AND(D!$FC81<180),D!GD81-(D!GB81/15),0))/24 -> 0.19067335 | DY35: =TIME(HOUR(DX35),MINUTE(DX35)-10,MINUTE(DX35)) -> 0.18372685 | DZ35: 31 | EN35: =(IF(AND(D!FZ36<180),D!GD36+(D!GB36/15-12),0))/24 -> 0.29570073 | EO35: =(IF(AND(D!$FX36<180),D!$GD36+(D!$FX36/15-12),0))/24 -> 0.27514048 | EP35: =TIME(HOUR(EQ35),MINUTE(EQ35)+3,SECOND(EQ35)) -> 0.23798611 | EQ35: =(IF(AND(D!$FU36<180),D!$GD36+(D!$FU36/15-12),0))/24 -> 0.23590282 | ER35: =(IF(AND(D!$FN36<180),D!$GD36+(D!$FN36/15-12),0))/24 -> 0.16770198 | ES35: =(IF(AND(D!$FP36<180),D!$GD36+(D!$FP36/15-12),0))/24 -> 0.13787578 | ET35: =D!GD36/24 -> 0.51707407 | EU35: =(EX35+(D!GG36/2)) -> 0.48717512 | EV35: =(IF(AND(D!$FS36<180),D!$GD36-(D!$FS36/15),0))/24 -> 0.30630935 | EW35: =(IF(AND(D!$FU36<180),D!$GD36-(D!$FU36/15),0))/24 -> 0.29824533 | EX35: =(IF(AND(D!$FZ36<180),D!$GD36-(D!$GB36/15),0))/24 -> 0.23844742 | EY35: =TIME(HOUR(EX35),MINUTE(EX35)-5,MINUTE(EX35)) -> 0.23521991 | EZ35: 31

Sheet اوقات نماز
A1: =اندراج!$F$2 -> مردان | D1: دائمی اوقات نماز ودائمی سحروافطار برائے | I1: =اندراج!$F$2 -> مردان | L1: دائمی اوقات نماز ودائمی سحروافطار برائے | Q1: =اندراج!$F$2 -> مردان | T1: دائمی اوقات نماز ودائمی سحروافطار برائے | Y1: =اندراج!$F$2 -> مردان | AB1: دائمی اوقات نماز ودائمی سحروافطار برائے | AG1: =اندراج!$F$2 -> مردان | AJ1: دائمی اوقات نماز ودائمی سحروافطار برائے | AO1: =اندراج!$F$2 -> مردان | AR1: دائمی اوقات نماز ودائمی سحروافطار برائے | AW1: =اندراج!$F$2 -> مردان | AZ1: دائمی اوقات نماز ودائمی سحروافطار برائے | BE1: =اندراج!$F$2 -> مردان | BH1: دائمی اوقات نماز ودائمی سحروافطار برائے | BM1: =اندراج!$F$2 -> مردان | BP1: دائمی اوقات نماز ودائمی سحروافطار برائے | BU1: =اندراج!$F$2 -> مردان | BX1: دائمی اوقات نماز ودائمی سحروافطار برائے | CC1: =اندراج!$F$2 -> مردان | CF1: دائمی اوقات نماز ودائمی سحروافطار برائے | CK1: =اندراج!$F$2 -> مردان | CN1: دائمی اوقات نماز ودائمی سحروافطار برائے
A4: عشاء | B4: مغرب | C4: عصر | D4: زوال | E4: اشراق | F4: طلوع آفتاب | G4: فجر صادق | H4: دسمبر | I4: عشاء | J4: مغرب | K4: عصر | L4: زوال | M4: اشراق | N4: طلوع آفتاب | O4: فجر صادق | P4: نومبر | Q4: عشاء | R4: مغرب | S4: عصر | T4: زوال | U4: اشراق | V4: طلوع آفتاب | W4: فجر صادق | X4: اکتوبر | Y4: عشاء | Z4: مغرب | AA4: عصر | AB4: زوال | AC4: اشراق | AD4: طلوع آفتاب | AE4: فجر صادق | AF4: ستمبر | AG4: عشاء | AH4: مغرب | AI4: عصر | AJ4: زوال | AK4: اشراق | AL4: طلوع آفتاب | AM4: فجر صادق | AN4: اگست | AO4: عشاء | AP4: مغرب | AQ4: عصر | AR4: زوال | AS4: اشراق | AT4: طلوع آفتاب | AU4: فجر صادق | AV4: جولائی | AW4: عشاء | AX4: مغرب | AY4: عصر | AZ4: زوال | BA4: اشراق | BB4: طلوع آفتاب | BC4: فجر صادق | BD4: جون | BE4: عشاء | BF4: مغرب | BG4: عصر | BH4: زوال | BI4: اشراق | BJ4: طلوع آفتاب | BK4: فجر صادق | BL4: مئی | BM4: عشاء | BN4: مغرب | BO4: عصر | BP4: زوال | BQ4: اشراق | BR4: طلوع آفتاب | BS4: فجر صادق | BT4: اپریل | BU4: عشاء | BV4: مغرب | BW4: عصر | BX4: زوال | BY4: اشراق | BZ4: طلوع آفتاب | CA4: فجر صادق | CB4: مارچ | CC4: عشاء | CD4: مغرب | CE4: عصر | CF4: زوال | CG4: اشراق | CH4: طلوع آفتاب | CI4: فجر صادق | CJ4: فروری | CK4: عشاء | CL4: مغرب | CM4: عصر | CN4: زوال | CO4: اشراق | CP4: طلوع آفتاب | CQ4: فجر صادق | CR4: جنوری
A5: =(IF(AND(D!FC222<180),D!FG222+(D!FE222/15-12),0))/24 -> 0.27084935 | B5: =(IF(AND(D!$EY222<180),D!$FG222+(D!$EY222/15-12),0))/24 -> 0.20920198 | C5: =(IF(AND(D!$ER222<180),D!$FG222+(D!$ER222/15-12),0))/24 -> 0.14114246 | D5: =D!FG222/24 -> 0.50019907 | E5: =(IF(AND(D!$EW222<180),D!$FG222-(D!$EW222/15),0))/24 -> 0.29962569 | F5: =(IF(AND(D!$EY222<180),D!$FG222-(D!$EY222/15),0))/24 -> 0.29119617 | G5: =(IF(AND(D!$FC222<180),D!$FG222-(D!$FE222/15),0))/24 -> 0.2295488 | H5: 1 | I5: =(IF(AND(D!FZ222<180),D!GD222+(D!GB222/15-12),0))/24 -> 0.27998265 | J5: =(IF(AND(D!$FU222<180),D!$GD222+(D!$FU222/15-12),0))/24 -> 0.22100159 | K5: =(IF(AND(D!$FN222<180),D!$GD222+(D!$FN222/15-12),0))/24 -> 0.15254101 | L5: =D!GD222/24 -> 0.49640741 | M5: =(IF(AND(D!$FS222<180),D!$GD222-(D!$FS222/15),0))/24 -> 0.27970606 | N5: =(IF(AND(D!$FU222<180),D!$GD222-(D!$FU222/15),0))/24 -> 0.27181323 | O5: =(IF(AND(D!$FZ222<180),D!$GD222-(D!$GB222/15),0))/24 -> 0.21283217 | P5: 1 | Q5: =(IF(AND(D!FC180<180),D!FG180+(D!FE180/15-12),0))/24 -> 0.30496458 | R5: =(IF(AND(D!$EY180<180),D!$FG180+(D!$EY180/15-12),0))/24 -> 0.24707215 | S5: =(IF(AND(D!$ER180<180),D!$FG180+(D!$ER180/15-12),0))/24 -> 0.17606365 | T5: =D!FG180/24 -> 0.50061574 | U5: =(IF(AND(D!$EW180<180),D!$FG180-(D!$EW180/15),0))/24 -> 0.26169024 | V5: =(IF(AND(D!$EY180<180),D!$FG180-(D!$EY180/15),0))/24 -> 0.25415933 | W5: =(IF(AND(D!$FC180<180),D!$FG180-(D!$FE180/15),0))/24 -> 0.1962669 | X5: 1 | Y5: =(IF(AND(D!FZ180<180),D!GD180+(D!GB180/15-12),0))/24 -> 0.33666029 | Z5: =(IF(AND(D!$FU180<180),D!$GD180+(D!$FU180/15-12),0))/24 -> 0.27619649 | AA5: =(IF(AND(D!$FN180<180),D!$GD180+(D!$FN180/15-12),0))/24 -> 0.19954038 | AB5: =D!GD180/24 -> 0.50782407 | AC5: =(IF(AND(D!$FS180<180),D!$GD180-(D!$FS180/15),0))/24 -> 0.24706977 | AD5: =(IF(AND(D!$FU180<180),D!$GD180-(D!$FU180/15),0))/24 -> 0.23945166 | AE5: =(IF(AND(D!$FZ180<180),D!$GD180-(D!$GB180/15),0))/24 -> 0.17898786 | AF5: 1 | AG5: =(IF(AND(D!FC138<180),D!FG138+(D!FE138/15-12),0))/24 -> 0.3674242 | AH5: =(IF(AND(D!$EY138<180),D!$FG138+(D!$EY138/15-12),0))/24 -> 0.30068207 | AI5: =(IF(AND(D!$ER138<180),D!$FG138+(D!$ER138/15-12),0))/24 -> 0.21581082 | AJ5: =D!FG138/24 -> 0.51228241 | AK5: =(IF(AND(D!$EW138<180),D!$FG138-(D!$EW138/15),0))/24 -> 0.23196249 | AL5: =(IF(AND(D!$EY138<180),D!$FG138-(D!$EY138/15),0))/24 -> 0.22388274 | AM5: =(IF(AND(D!$FC138<180),D!$FG138-(D!$FE138/15),0))/24 -> 0.15714061 | AN5: 1 | AO5: =(IF(AND(D!FZ138<180),D!GD138+(D!GB138/15-12),0))/24 -> 0.38338981 | AP5: =(IF(AND(D!$FU138<180),D!$GD138+(D!$FU138/15-12),0))/24 -> 0.31070716 | AQ5: =(IF(AND(D!$FN138<180),D!$GD138+(D!$FN138/15-12),0))/24 -> 0.21968543 | AR5: =D!GD138/24 -> 0.51057407 | AS5: =(IF(AND(D!$FS138<180),D!$GD138-(D!$FS138/15),0))/24 -> 0.21895526 | AT5: =(IF(AND(D!$FU138<180),D!$GD138-(D!$FU138/15),0))/24 -> 0.21044099 | AU5: =(IF(AND(D!$FZ138<180),D!$GD138-(D!$GB138/15),0))/24 -> 0.13775834 | AV5: 1 | AW5: =(IF(AND(D!FC97<180),D!FG97+D!FE97/15-12,0))/24 -> 0.37559553 | AX5: =(IF(AND(D!$EY97<180),D!$FG97+(D!$EY97/15-12),0))/24 -> 0.30422429 | AY5: =(IF(AND(D!$ER97<180),D!$FG97+(D!$ER97/15-12),0))/24 -> 0.21446883 | AZ5: =D!FG97/24 -> 0.50636574 | BA5: =(IF(AND(D!$EW97<180),D!$FG97-(D!$EW97/15),0))/24 -> 0.21692787 | BB5: =(IF(AND(D!$EY97<180),D!$FG97-(D!$EY97/15),0))/24 -> 0.20850719 | BC5: =(IF(AND(D!$FC97<180),D!$FG97-(D!$FE97/15),0))/24 -> 0.13713595 | BD5: 1 | BE5: =(IF(AND(D!FZ97<180),D!GD97+(D!GB97/15-12),0))/24 -> 0.35295659 | BF5: =(IF(AND(D!$FU97<180),D!$GD97+(D!$FU97/15-12),0))/24 -> 0.28846501 | BG5: =(IF(AND(D!$FN97<180),D!$GD97+(D!$FN97/15-12),0))/24 -> 0.20625667 | BH5: =D!GD97/24 -> 0.50582407 | BI5: =(IF(AND(D!$FS97<180),D!$GD97-(D!$FS97/15),0))/24 -> 0.23109364 | BJ5: =(IF(AND(D!$FU97<180),D!$GD97-(D!$FU97/15),0))/24 -> 0.22318314 | BK5: =(IF(AND(D!$FZ97<180),D!$GD97-(D!$GB97/15),0))/24 -> 0.15869156 | BL5: 1 | BM5: =(IF(AND(D!FC51<180),D!FG51+(D!FE51/15-12),0))/24 -> 0.33149149 | BN5: =(IF(AND(D!$EY51<180),D!$FG51+(D!$EY51/15-12),0))/24 -> 0.27223423 | BO5: =(IF(AND(D!$ER51<180),D!$FG51+(D!$ER51/15-12),0))/24 -> 0.19764749 | BP5: =D!FG51/24 -> 0.51049074 | BQ5: =(IF(AND(D!$EW51<180),D!$FG51-(D!$EW51/15),0))/24 -> 0.25629215 | BR5: =(IF(AND(D!$EY51<180),D!$FG51-(D!$EY51/15),0))/24 -> 0.24874725 | BS5: =(IF(AND(D!$FC51<180),D!$FG51-(D!$FE51/15),0))/24 -> 0.18948999 | BT5: 1 | BU5: =(IF(AND(D!FZ51<180),D!GD51+D!GB51/15-12,0))/24 -> 0.31370136 | BV5: =(IF(AND(D!$EY51<180),D!GD51+(D!FU51/15-12),0))/24 -> 0.25496471 | BW5: =(IF(AND(D!$FN51<180),D!GD51+(D!FN51/15-12),0))/24 -> 0.18518414 | BX5: =D!GD51/24 -> 0.51632407 | BY5: =(IF(AND(D!FS51<180),D!GD51-(D!FS51/15),0))/24 -> 0.28529177 | BZ5: =(IF(AND(D!FU51<180),D!GD51-(D!FU51/15),0))/24 -> 0.27768344 | CA5: =(IF(AND(D!$FC51<180),D!GD51-(D!GB51/15),0))/24 -> 0.21894679 | CB5: 1 | CC5: =(IF(AND(D!$FC6<180),D!$FG6+D!$FE6/15-12,0))/24 -> 0.29632487 | CD5: =(IF(AND(D!$EY6<180),D!FG6+(D!$EY6/15-12),0))/24 -> 0.23662035 | CE5: =(IF(AND(D!$ER6<180),D!FG6+(D!$ER6/15-12),0))/24 -> 0.16839941 | CF5: =D!$FG6/24 -> 0.51719907 | CG5: =(IF(AND(D!$EW6<180),D!FG6-(D!$EW6/15),0))/24 -> 0.30582276 | CH5: =(IF(AND(D!$EY6<180),D!$FG6-(D!$EY6/15),0))/24 -> 0.2977778 | CI5: =(IF(AND(D!$FC6<180),D!$FG6-(D!$FE6/15),0))/24 -> 0.23807328 | CJ5: 1 | CK5: =(IF(AND(D!FZ6<180),D!GD6+(D!GB6/15-12),0))/24 -> 0.27885274 | CL5: =(IF(AND(D!$FU6<180),D!$GD6+(D!$FU6/15-12),0))/24 -> 0.21663141 | CM5: =(IF(AND(D!$FN6<180),D!$GD6+(D!$FN6/15-12),0))/24 -> 0.14855651 | CN5: =D!$GD6/24 -> 0.51019907 | CO5: =(IF(AND(D!$FS6<180),D!$GD6-(D!$FS6/15),0))/24 -> 0.31230738 | CP5: =(IF(AND(D!$FU6<180),D!$GD6-(D!$FU6/15),0))/24 -> 0.30376674 | CQ5: =(IF(AND(D!$FZ6<180),D!$GD6-(D!$GB6/15),0))/24 -> 0.2415454 | CR5: 1
A6: =(IF(AND(D!FC223<180),D!FG223+(D!FE223/15-12),0))/24 -> 0.27083607 | B6: =(IF(AND(D!$EY223<180),D!$FG223+(D!$EY223/15-12),0))/24 -> 0.20911567 | C6: =(IF(AND(D!$ER223<180),D!$FG223+(D!$ER223/15-12),0))/24 -> 0.14105524 | D6: =D!FG223/24 -> 0.50044907 | E6: =(IF(AND(D!$EW223<180),D!$FG223-(D!$EW223/15),0))/24 -> 0.30022617 | F6: =(IF(AND(D!$EY223<180),D!$FG223-(D!$EY223/15),0))/24 -> 0.29178248 | G6: =(IF(AND(D!$FC223<180),D!$FG223-(D!$FE223/15),0))/24 -> 0.23006208 | H6: 2 | I6: =(IF(AND(D!FZ223<180),D!GD223+(D!GB223/15-12),0))/24 -> 0.27941727 | J6: =(IF(AND(D!$FU223<180),D!$GD223+(D!$FU223/15-12),0))/24 -> 0.22035491 | K6: =(IF(AND(D!$FN223<180),D!$GD223+(D!$FN223/15-12),0))/24 -> 0.15193084 | L6: =D!GD223/24 -> 0.49640741 | M6: =(IF(AND(D!$FS223<180),D!$GD223-(D!$FS223/15),0))/24 -> 0.28037036 | N6: =(IF(AND(D!$FU223<180),D!$GD223-(D!$FU223/15),0))/24 -> 0.27245991 | O6: =(IF(AND(D!$FZ223<180),D!$GD223-(D!$GB223/15),0))/24 -> 0.21339755 | P6: 2 | Q6: =(IF(AND(D!FC181<180),D!FG181+(D!FE181/15-12),0))/24 -> 0.30400161 | R6: =(IF(AND(D!$EY181<180),D!$FG181+(D!$EY181/15-12),0))/24 -> 0.24612818 | S6: =(IF(AND(D!$ER181<180),D!$FG181+(D!$ER181/15-12),0))/24 -> 0.17525177 | T6: =D!FG181/24 -> 0.50040741 | U6: =(IF(AND(D!$EW181<180),D!$FG181-(D!$EW181/15),0))/24 -> 0.26222237 | V6: =(IF(AND(D!$EY181<180),D!$FG181-(D!$EY181/15),0))/24 -> 0.25468663 | W6: =(IF(AND(D!$FC181<180),D!$FG181-(D!$FE181/15),0))/24 -> 0.19681321 | X6: 2 | Y6: =(IF(AND(D!FZ181<180),D!GD181+(D!GB181/15-12),0))/24 -> 0.33559295 | Z6: =(IF(AND(D!$FU181<180),D!$GD181+(D!$FU181/15-12),0))/24 -> 0.27527751 | AA6: =(IF(AND(D!$FN181<180),D!$GD181+(D!$FN181/15-12),0))/24 -> 0.19885866 | AB6: =D!GD181/24 -> 0.50761574 | AC6: =(IF(AND(D!$FS181<180),D!$GD181-(D!$FS181/15),0))/24 -> 0.24756231 | AD6: =(IF(AND(D!$FU181<180),D!$GD181-(D!$FU181/15),0))/24 -> 0.23995397 | AE6: =(IF(AND(D!$FZ181<180),D!$GD181-(D!$GB181/15),0))/24 -> 0.17963853 | AF6: 2 | AG6: =(IF(AND(D!FC139<180),D!FG139+(D!FE139/15-12),0))/24 -> 0.36659279 | AH6: =(IF(AND(D!$EY139<180),D!$FG139+(D!$EY139/15-12),0))/24 -> 0.30008509 | AI6: =(IF(AND(D!$ER139<180),D!$FG139+(D!$ER139/15-12),0))/24 -> 0.21548102 | AJ6: =D!FG139/24 -> 0.51224074 | AK6: =(IF(AND(D!$EW139<180),D!$FG139-(D!$EW139/15),0))/24 -> 0.23245855 | AL6: =(IF(AND(D!$EY139<180),D!$FG139-(D!$EY139/15),0))/24 -> 0.22439639 | AM6: =(IF(AND(D!$FC139<180),D!$FG139-(D!$FE139/15),0))/24 -> 0.15788869 | AN6: 2 | AO6: =(IF(AND(D!FZ139<180),D!GD139+(D!GB139/15-12),0))/24 -> 0.3832798 | AP6: =(IF(AND(D!$FU139<180),D!$GD139+(D!$FU139/15-12),0))/24 -> 0.31070024 | AQ6: =(IF(AND(D!$FN139<180),D!$GD139+(D!$FN139/15-12),0))/24 -> 0.21977637 | AR6: =D!GD139/24 -> 0.51074074 | AS6: =(IF(AND(D!$FS139<180),D!$GD139-(D!$FS139/15),0))/24 -> 0.21928821 | AT6: =(IF(AND(D!$FU139<180),D!$GD139-(D!$FU139/15),0))/24 -> 0.21078124 | AU6: =(IF(AND(D!$FZ139<180),D!$GD139-(D!$GB139/15),0))/24 -> 0.13820168 | AV6: 2 | AW6: =(IF(AND(D!FC98<180),D!FG98+D!FE98/15-12,0))/24 -> 0.37619484 | AX6: =(IF(AND(D!$EY98<180),D!$FG98+(D!$EY98/15-12),0))/24 -> 0.30465321 | AY6: =(IF(AND(D!$ER98<180),D!$FG98+(D!$ER98/15-12),0))/24 -> 0.21473057 | AZ6: =D!FG98/24 -> 0.50649074 | BA6: =(IF(AND(D!$EW98<180),D!$FG98-(D!$EW98/15),0))/24 -> 0.21676119 | BB6: =(IF(AND(D!$EY98<180),D!$FG98-(D!$EY98/15),0))/24 -> 0.20832827 | BC6: =(IF(AND(D!$FC98<180),D!$FG98-(D!$FE98/15),0))/24 -> 0.13678664 | BD6: 2 | BE6: =(IF(AND(D!FZ98<180),D!GD98+(D!GB98/15-12),0))/24 -> 0.3537267 | BF6: =(IF(AND(D!$FU98<180),D!$GD98+(D!$FU98/15-12),0))/24 -> 0.28900886 | BG6: =(IF(AND(D!$FN98<180),D!$GD98+(D!$FN98/15-12),0))/24 -> 0.20652215 | BH6: =D!GD98/24 -> 0.50574074 | BI6: =(IF(AND(D!$FS98<180),D!$GD98-(D!$FS98/15),0))/24 -> 0.23040015 | BJ6: =(IF(AND(D!$FU98<180),D!$GD98-(D!$FU98/15),0))/24 -> 0.22247262 | BK6: =(IF(AND(D!$FZ98<180),D!$GD98-(D!$GB98/15),0))/24 -> 0.15775479 | BL6: 2 | BM6: =(IF(AND(D!FC52<180),D!FG52+(D!FE52/15-12),0))/24 -> 0.33213742 | BN6: =(IF(AND(D!$EY52<180),D!$FG52+(D!$EY52/15-12),0))/24 -> 0.27276497 | BO6: =(IF(AND(D!$ER52<180),D!$FG52+(D!$ER52/15-12),0))/24 -> 0.1979634 | BP6: =D!FG52/24 -> 0.51028241 | BQ6: =(IF(AND(D!$EW52<180),D!$FG52-(D!$EW52/15),0))/24 -> 0.25535091 | BR6: =(IF(AND(D!$EY52<180),D!$FG52-(D!$EY52/15),0))/24 -> 0.24779984 | BS6: =(IF(AND(D!$FC52<180),D!$FG52-(D!$FE52/15),0))/24 -> 0.1884274 | BT6: 2 | BU6: =(IF(AND(D!FZ52<180),D!GD52+D!GB52/15-12,0))/24 -> 0.31428089 | BV6: =(IF(AND(D!$EY52<180),D!GD52+(D!FU52/15-12),0))/24 -> 0.25557507 | BW6: =(IF(AND(D!$FN52<180),D!GD52+(D!FN52/15-12),0))/24 -> 0.18569506 | BX6: =D!GD52/24 -> 0.51619907 | BY6: =(IF(AND(D!FS52<180),D!GD52-(D!FS52/15),0))/24 -> 0.28442167 | BZ6: =(IF(AND(D!FU52<180),D!GD52-(D!FU52/15),0))/24 -> 0.27682308 | CA6: =(IF(AND(D!$FC52<180),D!GD52-(D!GB52/15),0))/24 -> 0.21811726 | CB6: 2 | CC6: =(IF(AND(D!$FC7<180),D!$FG7+D!$FE7/15-12,0))/24 -> 0.2969183 | CD6: =(IF(AND(D!$EY7<180),D!FG7+(D!EY7/15-12),0))/24 -> 0.23730661 | CE6: =(IF(AND(D!$ER7<180),D!FG7+(D!ER7/15-12),0))/24 -> 0.16906372 | CF6: =D!FG7/24 -> 0.51728241 | CG6: =(IF(AND(D!EW7<180),D!FG7-(D!EW7/15),0))/24 -> 0.30528412 | CH6: =(IF(AND(D!EY7<180),D!FG7-(D!EY7/15),0))/24 -> 0.29725821 | CI6: =(IF(AND(D!$FC7<180),D!$FG7-(D!$FE7/15),0))/24 -> 0.23764651 | CJ6: 2 | CK6: =(IF(AND(D!FZ7<180),D!GD7+(D!GB7/15-12),0))/24 -> 0.27934009 | CL6: =(IF(AND(D!$FU7<180),D!$GD7+(D!$FU7/15-12),0))/24 -> 0.2171647 | CM6: =(IF(AND(D!$FN7<180),D!$GD7+(D!$FN7/15-12),0))/24 -> 0.14909166 | CN6: =D!GD7/24 -> 0.51053241 | CO6: =(IF(AND(D!$FS7<180),D!$GD7-(D!$FS7/15),0))/24 -> 0.31243188 | CP6: =(IF(AND(D!$FU7<180),D!$GD7-(D!$FU7/15),0))/24 -> 0.30390012 | CQ6: =(IF(AND(D!$FZ7<180),D!$GD7-(D!$GB7/15),0))/24 -> 0.24172472 | CR6: 2
A7: =(IF(AND(D!FC224<180),D!FG224+(D!FE224/15-12),0))/24 -> 0.27087677 | B7: =(IF(AND(D!$EY224<180),D!$FG224+(D!$EY224/15-12),0))/24 -> 0.20908601 | C7: =(IF(AND(D!$ER224<180),D!$FG224+(D!$ER224/15-12),0))/24 -> 0.14102439 | D7: =D!FG224/24 -> 0.50074074 | E7: =(IF(AND(D!$EW224<180),D!$FG224-(D!$EW224/15),0))/24 -> 0.3008528 | F7: =(IF(AND(D!$EY224<180),D!$FG224-(D!$EY224/15),0))/24 -> 0.29239548 | G7: =(IF(AND(D!$FC224<180),D!$FG224-(D!$FE224/15),0))/24 -> 0.23060471 | H7: 3 | I7: =(IF(AND(D!FZ224<180),D!GD224+(D!GB224/15-12),0))/24 -> 0.27886147 | J7: =(IF(AND(D!$FU224<180),D!$GD224+(D!$FU224/15-12),0))/24 -> 0.21971623 | K7: =(IF(AND(D!$FN224<180),D!$GD224+(D!$FN224/15-12),0))/24 -> 0.15132633 | L7: =D!GD224/24 -> 0.49640741 | M7: =(IF(AND(D!$FS224<180),D!$GD224-(D!$FS224/15),0))/24 -> 0.28102683 | N7: =(IF(AND(D!$FU224<180),D!$GD224-(D!$FU224/15),0))/24 -> 0.27309859 | O7: =(IF(AND(D!$FZ224<180),D!$GD224-(D!$GB224/15),0))/24 -> 0.21395334 | P7: 3 | Q7: =(IF(AND(D!FC182<180),D!FG182+(D!FE182/15-12),0))/24 -> 0.30300237 | R7: =(IF(AND(D!$EY182<180),D!$FG182+(D!$EY182/15-12),0))/24 -> 0.24514384 | S7: =(IF(AND(D!$ER182<180),D!$FG182+(D!$ER182/15-12),0))/24 -> 0.17439577 | T7: =D!FG182/24 -> 0.50015741 | U7: =(IF(AND(D!$EW182<180),D!$FG182-(D!$EW182/15),0))/24 -> 0.26271204 | V7: =(IF(AND(D!$EY182<180),D!$FG182-(D!$EY182/15),0))/24 -> 0.25517097 | W7: =(IF(AND(D!$FC182<180),D!$FG182-(D!$FE182/15),0))/24 -> 0.19731244 | X7: 3 | Y7: =(IF(AND(D!FZ182<180),D!GD182+(D!GB182/15-12),0))/24 -> 0.33448363 | Z7: =(IF(AND(D!$FU182<180),D!$GD182+(D!$FU182/15-12),0))/24 -> 0.27431273 | AA7: =(IF(AND(D!$FN182<180),D!$GD182+(D!$FN182/15-12),0))/24 -> 0.19812877 | AB7: =D!GD182/24 -> 0.50736574 | AC7: =(IF(AND(D!$FS182<180),D!$GD182-(D!$FS182/15),0))/24 -> 0.24801773 | AD7: =(IF(AND(D!$FU182<180),D!$GD182-(D!$FU182/15),0))/24 -> 0.24041875 | AE7: =(IF(AND(D!$FZ182<180),D!$GD182-(D!$GB182/15),0))/24 -> 0.18024785 | AF7: 3 | AG7: =(IF(AND(D!FC140<180),D!FG140+(D!FE140/15-12),0))/24 -> 0.36571129 | AH7: =(IF(AND(D!$EY140<180),D!$FG140+(D!$EY140/15-12),0))/24 -> 0.29943777 | AI7: =(IF(AND(D!$ER140<180),D!$FG140+(D!$ER140/15-12),0))/24 -> 0.21510279 | AJ7: =D!FG140/24 -> 0.51215741 | AK7: =(IF(AND(D!$EW140<180),D!$FG140-(D!$EW140/15),0))/24 -> 0.23292163 | AL7: =(IF(AND(D!$EY140<180),D!$FG140-(D!$EY140/15),0))/24 -> 0.22487705 | AM7: =(IF(AND(D!$FC140<180),D!$FG140-(D!$FE140/15),0))/24 -> 0.15860353 | AN7: 3 | AO7: =(IF(AND(D!FZ140<180),D!GD140+(D!GB140/15-12),0))/24 -> 0.38310265 | AP7: =(IF(AND(D!$FU140<180),D!$GD140+(D!$FU140/15-12),0))/24 -> 0.3106353 | AQ7: =(IF(AND(D!$FN140<180),D!$GD140+(D!$FN140/15-12),0))/24 -> 0.21981829 | AR7: =D!GD140/24 -> 0.51086574 | AS7: =(IF(AND(D!$FS140<180),D!$GD140-(D!$FS140/15),0))/24 -> 0.21959519 | AT7: =(IF(AND(D!$FU140<180),D!$GD140-(D!$FU140/15),0))/24 -> 0.21109618 | AU7: =(IF(AND(D!$FZ140<180),D!$GD140-(D!$GB140/15),0))/24 -> 0.13862883 | AV7: 3 | AW7: =(IF(AND(D!FC99<180),D!FG99+D!FE99/15-12,0))/24 -> 0.37677106 | AX7: =(IF(AND(D!$EY99<180),D!$FG99+(D!$EY99/15-12),0))/24 -> 0.30506647 | AY7: =(IF(AND(D!$ER99<180),D!$FG99+(D!$ER99/15-12),0))/24 -> 0.21498469 | AZ7: =D!FG99/24 -> 0.50661574 | BA7: =(IF(AND(D!$EW99<180),D!$FG99-(D!$EW99/15),0))/24 -> 0.21660962 | BB7: =(IF(AND(D!$EY99<180),D!$FG99-(D!$EY99/15),0))/24 -> 0.20816501 | BC7: =(IF(AND(D!$FC99<180),D!$FG99-(D!$FE99/15),0))/24 -> 0.13646042 | BD7: 3 | BE7: =(IF(AND(D!FZ99<180),D!GD99+(D!GB99/15-12),0))/24 -> 0.35449304 | BF7: =(IF(AND(D!$FU99<180),D!$GD99+(D!$FU99/15-12),0))/24 -> 0.28954669 | BG7: =(IF(AND(D!$FN99<180),D!$GD99+(D!$FN99/15-12),0))/24 -> 0.20678146 | BH7: =D!GD99/24 -> 0.50565741 | BI7: =(IF(AND(D!$FS99<180),D!$GD99-(D!$FS99/15),0))/24 -> 0.22971284 | BJ7: =(IF(AND(D!$FU99<180),D!$GD99-(D!$FU99/15),0))/24 -> 0.22176812 | BK7: =(IF(AND(D!$FZ99<180),D!$GD99-(D!$GB99/15),0))/24 -> 0.15682178 | BL7: 3 | BM7: =(IF(AND(D!FC53<180),D!FG53+(D!FE53/15-12),0))/24 -> 0.33278512 | BN7: =(IF(AND(D!$EY53<180),D!$FG53+(D!$EY53/15-12),0))/24 -> 0.27329315 | BO7: =(IF(AND(D!$ER53<180),D!$FG53+(D!$ER53/15-12),0))/24 -> 0.19827354 | BP7: =D!FG53/24 -> 0.51007407 | BQ7: =(IF(AND(D!$EW53<180),D!$FG53-(D!$EW53/15),0))/24 -> 0.25441271 | BR7: =(IF(AND(D!$EY53<180),D!$FG53-(D!$EY53/15),0))/24 -> 0.246855 | BS7: =(IF(AND(D!$FC53<180),D!$FG53-(D!$FE53/15),0))/24 -> 0.18736303 | BT7: 3 | BU7: =(IF(AND(D!FZ53<180),D!GD53+D!GB53/15-12,0))/24 -> 0.31482149 | BV7: =(IF(AND(D!$EY53<180),D!GD53+(D!FU53/15-12),0))/24 -> 0.25614436 | BW7: =(IF(AND(D!$FN53<180),D!GD53+(D!FN53/15-12),0))/24 -> 0.18616159 | BX7: =D!GD53/24 -> 0.51603241 | BY7: =(IF(AND(D!FS53<180),D!GD53-(D!FS53/15),0))/24 -> 0.2835098 | BZ7: =(IF(AND(D!FU53<180),D!GD53-(D!FU53/15),0))/24 -> 0.27592045 | CA7: =(IF(AND(D!$FC53<180),D!GD53-(D!GB53/15),0))/24 -> 0.21724332 | CB7: 3 | CC7: =(IF(AND(D!$FC8<180),D!$FG8+D!$FE8/15-12,0))/24 -> 0.29751918 | CD7: =(IF(AND(D!$EY8<180),D!FG8+(D!EY8/15-12),0))/24 -> 0.23799902 | CE7: =(IF(AND(D!$ER8<180),D!FG8+(D!ER8/15-12),0))/24 -> 0.1697324 | CF7: =D!FG8/24 -> 0.51736574 | CG7: =(IF(AND(D!EW8<180),D!FG8-(D!EW8/15),0))/24 -> 0.30473949 | CH7: =(IF(AND(D!EY8<180),D!FG8-(D!EY8/15),0))/24 -> 0.29673247 | CI7: =(IF(AND(D!$FC8<180),D!$FG8-(D!$FE8/15),0))/24 -> 0.2372123 | CJ7: 3 | CK7: =(IF(AND(D!FZ8<180),D!GD8+(D!GB8/15-12),0))/24 -> 0.27984157 | CL7: =(IF(AND(D!$FU8<180),D!$GD8+(D!$FU8/15-12),0))/24 -> 0.217716 | CM7: =(IF(AND(D!$FN8<180),D!$GD8+(D!$FN8/15-12),0))/24 -> 0.14964489 | CN7: =D!GD8/24 -> 0.51086574 | CO7: =(IF(AND(D!$FS8<180),D!$GD8-(D!$FS8/15),0))/24 -> 0.31253761 | CP7: =(IF(AND(D!$FU8<180),D!$GD8-(D!$FU8/15),0))/24 -> 0.30401548 | CQ7: =(IF(AND(D!$FZ8<180),D!$GD8-(D!$GB8/15),0))/24 -> 0.24188991 | CR7: 3
A8: =(IF(AND(D!FC225<180),D!FG225+(D!FE225/15-12),0))/24 -> 0.27088812 | B8: =(IF(AND(D!$EY225<180),D!$FG225+(D!$EY225/15-12),0))/24 -> 0.20902978 | C8: =(IF(AND(D!$ER225<180),D!$FG225+(D!$ER225/15-12),0))/24 -> 0.14096673 | D8: =D!FG225/24 -> 0.50099074 | E8: =(IF(AND(D!$EW225<180),D!$FG225-(D!$EW225/15),0))/24 -> 0.30142213 | F8: =(IF(AND(D!$EY225<180),D!$FG225-(D!$EY225/15),0))/24 -> 0.29295171 | G8: =(IF(AND(D!$FC225<180),D!$FG225-(D!$FE225/15),0))/24 -> 0.23109336 | H8: 4 | I8: =(IF(AND(D!FZ225<180),D!GD225+(D!GB225/15-12),0))/24 -> 0.27831165 | J8: =(IF(AND(D!$FU225<180),D!$GD225+(D!$FU225/15-12),0))/24 -> 0.21908148 | K8: =(IF(AND(D!$FN225<180),D!$GD225+(D!$FN225/15-12),0))/24 -> 0.1507237 | L8: =D!GD225/24 -> 0.49640741 | M8: =(IF(AND(D!$FS225<180),D!$GD225-(D!$FS225/15),0))/24 -> 0.28167965 | N8: =(IF(AND(D!$FU225<180),D!$GD225-(D!$FU225/15),0))/24 -> 0.27373333 | O8: =(IF(AND(D!$FZ225<180),D!$GD225-(D!$GB225/15),0))/24 -> 0.21450317 | P8: 4 | Q8: =(IF(AND(D!FC183<180),D!FG183+(D!FE183/15-12),0))/24 -> 0.30205008 | R8: =(IF(AND(D!$EY183<180),D!$FG183+(D!$EY183/15-12),0))/24 -> 0.24420238 | S8: =(IF(AND(D!$ER183<180),D!$FG183+(D!$ER183/15-12),0))/24 -> 0.17357899 | T8: =D!FG183/24 -> 0.49994907 | U8: =(IF(AND(D!$EW183<180),D!$FG183-(D!$EW183/15),0))/24 -> 0.26324267 | V8: =(IF(AND(D!$EY183<180),D!$FG183-(D!$EY183/15),0))/24 -> 0.25569577 | W8: =(IF(AND(D!$FC183<180),D!$FG183-(D!$FE183/15),0))/24 -> 0.19784807 | X8: 4 | Y8: =(IF(AND(D!FZ183<180),D!GD183+(D!GB183/15-12),0))/24 -> 0.33342029 | Z8: =(IF(AND(D!$FU183<180),D!$GD183+(D!$FU183/15-12),0))/24 -> 0.27338931 | AA8: =(IF(AND(D!$FN183<180),D!$GD183+(D!$FN183/15-12),0))/24 -> 0.19743659 | AB8: =D!GD183/24 -> 0.50715741 | AC8: =(IF(AND(D!$FS183<180),D!$GD183-(D!$FS183/15),0))/24 -> 0.24851558 | AD8: =(IF(AND(D!$FU183<180),D!$GD183-(D!$FU183/15),0))/24 -> 0.2409255 | AE8: =(IF(AND(D!$FZ183<180),D!$GD183-(D!$GB183/15),0))/24 -> 0.18089452 | AF8: 4 | AG8: =(IF(AND(D!FC141<180),D!FG141+(D!FE141/15-12),0))/24 -> 0.36486327 | AH8: =(IF(AND(D!$EY141<180),D!$FG141+(D!$EY141/15-12),0))/24 -> 0.29882351 | AI8: =(IF(AND(D!$ER141<180),D!$FG141+(D!$ER141/15-12),0))/24 -> 0.2147594 | AJ8: =D!FG141/24 -> 0.51211574 | AK8: =(IF(AND(D!$EW141<180),D!$FG141-(D!$EW141/15),0))/24 -> 0.23343498 | AL8: =(IF(AND(D!$EY141<180),D!$FG141-(D!$EY141/15),0))/24 -> 0.22540798 | AM8: =(IF(AND(D!$FC141<180),D!$FG141-(D!$FE141/15),0))/24 -> 0.15936821 | AN8: 4 | AO8: =(IF(AND(D!FZ141<180),D!GD141+(D!GB141/15-12),0))/24 -> 0.38290028 | AP8: =(IF(AND(D!$FU141<180),D!$GD141+(D!$FU141/15-12),0))/24 -> 0.31055408 | AQ8: =(IF(AND(D!$FN141<180),D!$GD141+(D!$FN141/15-12),0))/24 -> 0.2198528 | AR8: =D!GD141/24 -> 0.51099074 | AS8: =(IF(AND(D!$FS141<180),D!$GD141-(D!$FS141/15),0))/24 -> 0.2199178 | AT8: =(IF(AND(D!$FU141<180),D!$GD141-(D!$FU141/15),0))/24 -> 0.2114274 | AU8: =(IF(AND(D!$FZ141<180),D!$GD141-(D!$GB141/15),0))/24 -> 0.1390812 | AV8: 4 | AW8: =(IF(AND(D!FC100<180),D!FG100+D!FE100/15-12,0))/24 -> 0.37732752 | AX8: =(IF(AND(D!$EY100<180),D!$FG100+(D!$EY100/15-12),0))/24 -> 0.30546631 | AY8: =(IF(AND(D!$ER100<180),D!$FG100+(D!$ER100/15-12),0))/24 -> 0.21523227 | AZ8: =D!FG100/24 -> 0.50674074 | BA8: =(IF(AND(D!$EW100<180),D!$FG100-(D!$EW100/15),0))/24 -> 0.21647099 | BB8: =(IF(AND(D!$EY100<180),D!$FG100-(D!$EY100/15),0))/24 -> 0.20801517 | BC8: =(IF(AND(D!$FC100<180),D!$FG100-(D!$FE100/15),0))/24 -> 0.13615396 | BD8: 4 | BE8: =(IF(AND(D!FZ100<180),D!GD100+(D!GB100/15-12),0))/24 -> 0.35529422 | BF8: =(IF(AND(D!$FU100<180),D!$GD100+(D!$FU100/15-12),0))/24 -> 0.29011802 | BG8: =(IF(AND(D!$FN100<180),D!$GD100+(D!$FN100/15-12),0))/24 -> 0.20707518 | BH8: =D!GD100/24 -> 0.50561574 | BI8: =(IF(AND(D!$FS100<180),D!$GD100-(D!$FS100/15),0))/24 -> 0.22907549 | BJ8: =(IF(AND(D!$FU100<180),D!$GD100-(D!$FU100/15),0))/24 -> 0.22111346 | BK8: =(IF(AND(D!$FZ100<180),D!$GD100-(D!$GB100/15),0))/24 -> 0.15593726 | BL8: 4 | BM8: =(IF(AND(D!FC54<180),D!FG54+(D!FE54/15-12),0))/24 -> 0.33343692 | BN8: =(IF(AND(D!$EY54<180),D!$FG54+(D!$EY54/15-12),0))/24 -> 0.27382075 | BO8: =(IF(AND(D!$ER54<180),D!$FG54+(D!$ER54/15-12),0))/24 -> 0.19857934 | BP8: =D!FG54/24 -> 0.50986574 | BQ8: =(IF(AND(D!$EW54<180),D!$FG54-(D!$EW54/15),0))/24 -> 0.25347558 | BR8: =(IF(AND(D!$EY54<180),D!$FG54-(D!$EY54/15),0))/24 -> 0.24591073 | BS8: =(IF(AND(D!$FC54<180),D!$FG54-(D!$FE54/15),0))/24 -> 0.18629456 | BT8: 4 | BU8: =(IF(AND(D!FZ54<180),D!GD54+D!GB54/15-12,0))/24 -> 0.31540883 | BV8: =(IF(AND(D!$EY54<180),D!GD54+(D!FU54/15-12),0))/24 -> 0.25675793 | BW8: =(IF(AND(D!$FN54<180),D!GD54+(D!FN54/15-12),0))/24 -> 0.1866687 | BX8: =D!GD54/24 -> 0.51590741 | BY8: =(IF(AND(D!FS54<180),D!GD54-(D!FS54/15),0))/24 -> 0.28263748 | BZ8: =(IF(AND(D!FU54<180),D!GD54-(D!FU54/15),0))/24 -> 0.27505689 | CA8: =(IF(AND(D!$FC54<180),D!GD54-(D!GB54/15),0))/24 -> 0.21640599 | CB8: 4 | CC8: =(IF(AND(D!$FC9<180),D!$FG9+D!$FE9/15-12,0))/24 -> 0.29808945 | CD8: =(IF(AND(D!$EY9<180),D!FG9+(D!EY9/15-12),0))/24 -> 0.23866002 | CE8: =(IF(AND(D!$ER9<180),D!FG9+(D!ER9/15-12),0))/24 -> 0.17036765 | CF8: =D!FG9/24 -> 0.51740741 | CG8: =(IF(AND(D!EW9<180),D!FG9-(D!EW9/15),0))/24 -> 0.30414298 | CH8: =(IF(AND(D!EY9<180),D!FG9-(D!EY9/15),0))/24 -> 0.2961548 | CI8: =(IF(AND(D!$FC9<180),D!$FG9-(D!$FE9/15),0))/24 -> 0.23672536 | CJ8: 4 | CK8: =(IF(AND(D!FZ9<180),D!GD9+(D!GB9/15-12),0))/24 -> 0.2803155 | CL8: =(IF(AND(D!$FU9<180),D!$GD9+(D!$FU9/15-12),0))/24 -> 0.21824357 | CM8: =(IF(AND(D!$FN9<180),D!$GD9+(D!$FN9/15-12),0))/24 -> 0.15017438 | CN8: =D!GD9/24 -> 0.51115741 | CO8: =(IF(AND(D!$FS9<180),D!$GD9-(D!$FS9/15),0))/24 -> 0.312583 | CP8: =(IF(AND(D!$FU9<180),D!$GD9-(D!$FU9/15),0))/24 -> 0.30407124 | CQ8: =(IF(AND(D!$FZ9<180),D!$GD9-(D!$GB9/15),0))/24 -> 0.24199932 | CR8: 4
A9: =(IF(AND(D!FC226<180),D!FG226+(D!FE226/15-12),0))/24 -> 0.27095346 | B9: =(IF(AND(D!$EY226<180),D!$FG226+(D!$EY226/15-12),0))/24 -> 0.20903041 | C9: =(IF(AND(D!$ER226<180),D!$FG226+(D!$ER226/15-12),0))/24 -> 0.14096577 | D9: =D!FG226/24 -> 0.50128241 | E9: =(IF(AND(D!$EW226<180),D!$FG226-(D!$EW226/15),0))/24 -> 0.30201736 | F9: =(IF(AND(D!$EY226<180),D!$FG226-(D!$EY226/15),0))/24 -> 0.2935344 | G9: =(IF(AND(D!$FC226<180),D!$FG226-(D!$FE226/15),0))/24 -> 0.23161135 | H9: 5 | I9: =(IF(AND(D!FZ226<180),D!GD226+(D!GB226/15-12),0))/24 -> 0.27777128 | J9: =(IF(AND(D!$FU226<180),D!$GD226+(D!$FU226/15-12),0))/24 -> 0.21845481 | K9: =(IF(AND(D!$FN226<180),D!$GD226+(D!$FN226/15-12),0))/24 -> 0.15012697 | L9: =D!GD226/24 -> 0.49640741 | M9: =(IF(AND(D!$FS226<180),D!$GD226-(D!$FS226/15),0))/24 -> 0.28232454 | N9: =(IF(AND(D!$FU226<180),D!$GD226-(D!$FU226/15),0))/24 -> 0.27436 | O9: =(IF(AND(D!$FZ226<180),D!$GD226-(D!$GB226/15),0))/24 -> 0.21504354 | P9: 5 | Q9: =(IF(AND(D!FC184<180),D!FG184+(D!FE184/15-12),0))/24 -> 0.30110103 | R9: =(IF(AND(D!$EY184<180),D!$FG184+(D!$EY184/15-12),0))/24 -> 0.24326015 | S9: =(IF(AND(D!$ER184<180),D!$FG184+(D!$ER184/15-12),0))/24 -> 0.17275812 | T9: =D!FG184/24 -> 0.49974074 | U9: =(IF(AND(D!$EW184<180),D!$FG184-(D!$EW184/15),0))/24 -> 0.26377458 | V9: =(IF(AND(D!$EY184<180),D!$FG184-(D!$EY184/15),0))/24 -> 0.25622133 | W9: =(IF(AND(D!$FC184<180),D!$FG184-(D!$FE184/15),0))/24 -> 0.19838045 | X9: 5 | Y9: =(IF(AND(D!FZ184<180),D!GD184+(D!GB184/15-12),0))/24 -> 0.3323172 | Z9: =(IF(AND(D!$FU184<180),D!$GD184+(D!$FU184/15-12),0))/24 -> 0.27242193 | AA9: =(IF(AND(D!$FN184<180),D!$GD184+(D!$FN184/15-12),0))/24 -> 0.19669742 | AB9: =D!GD184/24 -> 0.50690741 | AC9: =(IF(AND(D!$FS184<180),D!$GD184-(D!$FS184/15),0))/24 -> 0.2489745 | AD9: =(IF(AND(D!$FU184<180),D!$GD184-(D!$FU184/15),0))/24 -> 0.24139288 | AE9: =(IF(AND(D!$FZ184<180),D!$GD184-(D!$GB184/15),0))/24 -> 0.18149761 | AF9: 5 | AG9: =(IF(AND(D!FC142<180),D!FG142+(D!FE142/15-12),0))/24 -> 0.36396865 | AH9: =(IF(AND(D!$EY142<180),D!$FG142+(D!$EY142/15-12),0))/24 -> 0.2981612 | AI9: =(IF(AND(D!$ER142<180),D!$FG142+(D!$ER142/15-12),0))/24 -> 0.21436859 | AJ9: =D!FG142/24 -> 0.51203241 | AK9: =(IF(AND(D!$EW142<180),D!$FG142-(D!$EW142/15),0))/24 -> 0.23391315 | AL9: =(IF(AND(D!$EY142<180),D!$FG142-(D!$EY142/15),0))/24 -> 0.22590362 | AM9: =(IF(AND(D!$FC142<180),D!$FG142-(D!$FE142/15),0))/24 -> 0.16009616 | AN9: 5 | AO9: =(IF(AND(D!FZ142<180),D!GD142+(D!GB142/15-12),0))/24 -> 0.382673 | AP9: =(IF(AND(D!$FU142<180),D!$GD142+(D!$FU142/15-12),0))/24 -> 0.31045668 | AQ9: =(IF(AND(D!$FN142<180),D!$GD142+(D!$FN142/15-12),0))/24 -> 0.2198799 | AR9: =D!GD142/24 -> 0.51111574 | AS9: =(IF(AND(D!$FS142<180),D!$GD142-(D!$FS142/15),0))/24 -> 0.22025596 | AT9: =(IF(AND(D!$FU142<180),D!$GD142-(D!$FU142/15),0))/24 -> 0.2117748 | AU9: =(IF(AND(D!$FZ142<180),D!$GD142-(D!$GB142/15),0))/24 -> 0.13955848 | AV9: 5 | AW9: =(IF(AND(D!FC101<180),D!FG101+D!FE101/15-12,0))/24 -> 0.37786017 | AX9: =(IF(AND(D!$EY101<180),D!$FG101+(D!$EY101/15-12),0))/24 -> 0.30585028 | AY9: =(IF(AND(D!$ER101<180),D!$FG101+(D!$ER101/15-12),0))/24 -> 0.21547231 | AZ9: =D!FG101/24 -> 0.50686574 | BA9: =(IF(AND(D!$EW101<180),D!$FG101-(D!$EW101/15),0))/24 -> 0.21634765 | BB9: =(IF(AND(D!$EY101<180),D!$FG101-(D!$EY101/15),0))/24 -> 0.20788121 | BC9: =(IF(AND(D!$FC101<180),D!$FG101-(D!$FE101/15),0))/24 -> 0.13587131 | BD9: 5 | BE9: =(IF(AND(D!FZ101<180),D!GD101+(D!GB101/15-12),0))/24 -> 0.3560467 | BF9: =(IF(AND(D!$FU101<180),D!$GD101+(D!$FU101/15-12),0))/24 -> 0.29063944 | BG9: =(IF(AND(D!$FN101<180),D!$GD101+(D!$FN101/15-12),0))/24 -> 0.20732006 | BH9: =D!GD101/24 -> 0.50553241 | BI9: =(IF(AND(D!$FS101<180),D!$GD101-(D!$FS101/15),0))/24 -> 0.22840479 | BJ9: =(IF(AND(D!$FU101<180),D!$GD101-(D!$FU101/15),0))/24 -> 0.22042538 | BK9: =(IF(AND(D!$FZ101<180),D!$GD101-(D!$GB101/15),0))/24 -> 0.15501811 | BL9: 5 | BM9: =(IF(AND(D!FC55<180),D!FG55+(D!FE55/15-12),0))/24 -> 0.33409065 | BN9: =(IF(AND(D!$EY55<180),D!$FG55+(D!$EY55/15-12),0))/24 -> 0.27434592 | BO9: =(IF(AND(D!$ER55<180),D!$FG55+(D!$ER55/15-12),0))/24 -> 0.1988795 | BP9: =D!FG55/24 -> 0.50965741 | BQ9: =(IF(AND(D!$EW55<180),D!$FG55-(D!$EW55/15),0))/24 -> 0.25254136 | BR9: =(IF(AND(D!$EY55<180),D!$FG55-(D!$EY55/15),0))/24 -> 0.2449689 | BS9: =(IF(AND(D!$FC55<180),D!$FG55-(D!$FE55/15),0))/24 -> 0.18522416 | BT9: 5 | BU9: =(IF(AND(D!FZ55<180),D!GD55+D!GB55/15-12,0))/24 -> 0.31595763 | BV9: =(IF(AND(D!$EY55<180),D!GD55+(D!FU55/15-12),0))/24 -> 0.25733057 | BW9: =(IF(AND(D!$FN55<180),D!GD55+(D!FN55/15-12),0))/24 -> 0.18713144 | BX9: =D!GD55/24 -> 0.51574074 | BY9: =(IF(AND(D!FS55<180),D!GD55-(D!FS55/15),0))/24 -> 0.28172325 | BZ9: =(IF(AND(D!FU55<180),D!GD55-(D!FU55/15),0))/24 -> 0.27415091 | CA9: =(IF(AND(D!$FC55<180),D!GD55-(D!GB55/15),0))/24 -> 0.21552385 | CB9: 5 | CC9: =(IF(AND(D!$FC10<180),D!$FG10+D!$FE10/15-12,0))/24 -> 0.29870895 | CD9: =(IF(AND(D!$EY10<180),D!FG10+(D!EY10/15-12),0))/24 -> 0.23936873 | CE9: =(IF(AND(D!$ER10<180),D!FG10+(D!ER10/15-12),0))/24 -> 0.17104868 | CF9: =D!FG10/24 -> 0.51749074 | CG9: =(IF(AND(D!EW10<180),D!FG10-(D!EW10/15),0))/24 -> 0.30358228 | CH9: =(IF(AND(D!EY10<180),D!FG10-(D!EY10/15),0))/24 -> 0.29561275 | CI9: =(IF(AND(D!$FC10<180),D!$FG10-(D!$FE10/15),0))/24 -> 0.23627254 | CJ9: 5 | CK9: =(IF(AND(D!FZ10<180),D!GD10+(D!GB10/15-12),0))/24 -> 0.28084344 | CL9: =(IF(AND(D!$FU10<180),D!$GD10+(D!$FU10/15-12),0))/24 -> 0.21882836 | CM9: =(IF(AND(D!$FN10<180),D!$GD10+(D!$FN10/15-12),0))/24 -> 0.15076104 | CN9: =D!GD10/24 -> 0.51149074 | CO9: =(IF(AND(D!$FS10<180),D!$GD10-(D!$FS10/15),0))/24 -> 0.31265389 | CP9: =(IF(AND(D!$FU10<180),D!$GD10-(D!$FU10/15),0))/24 -> 0.30415313 | CQ9: =(IF(AND(D!$FZ10<180),D!$GD10-(D!$GB10/15),0))/24 -> 0.24213804 | CR9: 5
